####################
#Sets#
####################
# 
set REGION := RE1;
set TECHNOLOGY := RSA_POW_TD RSA_FUEL_PRO_COAL RSA_POW_PP_COAL RSA_POW_INT RSA_POW_PP_NU_OLD RSA_FUEL_PRO_URNM RSA_POW_PP_MMG RSA_POW_PP_PEAK RSA_POW_PP_BIOM RSA_POW_PP_HYDR RSA_POW_PP_CSP RSA_POW_PP_PV_UT RSA_POW_PP_PV_DIST RSA_FUEL_PRO_NG RSA_FUEL_PRO_BIOM RSA_POW_ELEC RSA_FUEL_PRO_DSL RSA_POW_PP_BST RSA_POW_STO_BAT_IN RSA_POW_STO_BAT_OUT RSA_POW_STO_PHY_IN RSA_POW_STO_PHY_OUT RSA_POW_PP_NU RSA_POW_PP_NU_SMR RSA_POW_PP_WIND ;
set COMMODITY := SPNRSV RSA_POW_ELE RSA_POW_ELEF RSA_POW_ELEX RSA_POW_H2 RSA_FUEL_URNM RSA_FUEL_COAL RSA_FUEL_NG RSA_FUEL_DSL RSA_FUEL_BIOM RSA_POW_NUEL ;
set EMISSION := RSA_CO2 ;
set STORAGE := RSA_POW_STO_BAT RSA_POW_STO_PHY RSA_POW_STO_H2 ;
set YEAR := 2020 2021 2022 2023 2024 2025 2026 2027 2028 2029 2030 2031 2032 2033 2034 2035 2036 2037 2038 2039 2040 2041 2042 2043 2044 2045 2046 2047 2048 2049 2050 2051 2052 2053 2054 2055 2056 2057 2058 2059 2060 ;
set SEASON := 1 2 3 4 5 ;
set DAYTYPE := 1 2 ;
set DAILYTIMEBRACKET := 1 2 3 4 5 6 ;
set TIMESLICE := 1 2 3 4 5 6 7 8 9 10 11 12 13 14 15 16 17 18 19 20 21 22 23 24 25 26 27 28 29 30 31 32 33 34 35 36 37 38 39 40 41 42 43 44 45 46 47 48 49 50 51 52 53 54 ;
set MODE_OF_OPERATION := 1 2 ;
set STORAGEINTRADAY := RSA_POW_STO_BAT ;
set STORAGEINTRAYEAR := RSA_POW_STO_PHY RSA_POW_STO_H2 ;
set UDC := RESMAR MINLFSMR MINLFPEAK MINLFMMG MINLFCOAL ;
####################
#Parameters#
####################
param TradeRoute  default 0 := 
; 
 
param Conversionls default 0 : 
1 2 3 4 5 :=
1 1 0 0 0 0 
2 1 0 0 0 0 
3 1 0 0 0 0 
4 1 0 0 0 0 
5 1 0 0 0 0 
6 1 0 0 0 0 
7 1 0 0 0 0 
8 1 0 0 0 0 
9 1 0 0 0 0 
10 1 0 0 0 0 
11 1 0 0 0 0 
12 1 0 0 0 0 
13 0 1 0 0 0 
14 0 1 0 0 0 
15 0 1 0 0 0 
16 0 1 0 0 0 
17 0 1 0 0 0 
18 0 1 0 0 0 
19 0 1 0 0 0 
20 0 1 0 0 0 
21 0 1 0 0 0 
22 0 1 0 0 0 
23 0 1 0 0 0 
24 0 1 0 0 0 
25 0 1 0 0 0 
26 0 0 1 0 0 
27 0 0 1 0 0 
28 0 0 1 0 0 
29 0 0 1 0 0 
30 0 0 1 0 0 
31 0 0 1 0 0 
32 0 0 1 0 0 
33 0 0 1 0 0 
34 0 0 1 0 0 
35 0 0 1 0 0 
36 0 0 1 0 0 
37 0 0 0 1 0 
38 0 0 0 1 0 
39 0 0 0 1 0 
40 0 0 0 1 0 
41 0 0 0 1 0 
42 0 0 0 1 0 
43 0 0 0 1 0 
44 0 0 0 1 0 
45 0 0 0 1 0 
46 0 0 0 1 0 
47 0 0 0 1 0 
48 0 0 0 1 0 
49 0 0 0 0 1 
50 0 0 0 0 1 
51 0 0 0 0 1 
52 0 0 0 0 1 
53 0 0 0 0 1 
54 0 0 0 0 1 
;

param Conversionld default 0 : 
1 2 :=
1 1 0 
2 1 0 
3 1 0 
4 1 0 
5 1 0 
6 1 0 
7 0 1 
8 0 1 
9 0 1 
10 0 1 
11 0 1 
12 0 1 
13 1 0 
14 1 0 
15 1 0 
16 1 0 
17 1 0 
18 1 0 
19 0 1 
20 0 1 
21 0 1 
22 0 1 
23 0 1 
24 0 1 
25 1 0 
26 1 0 
27 1 0 
28 1 0 
29 1 0 
30 1 0 
31 0 1 
32 0 1 
33 0 1 
34 0 1 
35 0 1 
36 0 1 
37 1 0 
38 1 0 
39 1 0 
40 1 0 
41 1 0 
42 1 0 
43 0 1 
44 0 1 
45 0 1 
46 0 1 
47 0 1 
48 0 1 
49 1 0 
50 1 0 
51 1 0 
52 1 0 
53 1 0 
54 1 0 
;

param Conversionlh default 0 : 
1 2 3 4 5 6 :=
1 1 0 0 0 0 0 
2 0 1 0 0 0 0 
3 0 0 1 0 0 0 
4 0 0 0 1 0 0 
5 0 0 0 0 1 0 
6 0 0 0 0 0 1 
7 1 0 0 0 0 0 
8 0 1 0 0 0 0 
9 0 0 1 0 0 0 
10 0 0 0 1 0 0 
11 0 0 0 0 1 0 
12 0 0 0 0 0 1 
13 1 0 0 0 0 0 
14 0 1 0 0 0 0 
15 0 0 1 0 0 0 
16 0 0 0 1 0 0 
17 0 0 0 0 1 0 
18 0 0 0 0 0 1 
19 1 0 0 0 0 0 
20 0 1 0 0 0 0 
21 0 0 1 0 0 0 
22 0 0 0 1 0 0 
23 0 0 0 0 1 0 
24 0 0 0 0 0 1 
25 1 0 0 0 0 0 
26 0 1 0 0 0 0 
27 0 0 1 0 0 0 
28 0 0 0 1 0 0 
29 0 0 0 0 1 0 
30 0 0 0 0 0 1 
31 1 0 0 0 0 0 
32 0 1 0 0 0 0 
33 0 0 1 0 0 0 
34 0 0 0 1 0 0 
35 0 0 0 0 1 0 
36 0 0 0 0 0 1 
37 1 0 0 0 0 0 
38 0 1 0 0 0 0 
39 0 0 1 0 0 0 
40 0 0 0 1 0 0 
41 0 0 0 0 1 0 
42 0 0 0 0 0 1 
43 1 0 0 0 0 0 
44 0 1 0 0 0 0 
45 0 0 1 0 0 0 
46 0 0 0 1 0 0 
47 0 0 0 0 1 0 
48 0 0 0 0 0 1 
49 1 0 0 0 0 0 
50 0 1 0 0 0 0 
51 0 0 1 0 0 0 
52 0 0 0 1 0 0 
53 0 0 0 0 1 0 
54 0 0 0 0 0 1 
;

param UDCTag default -1 : 
RESMAR MINLFSMR MINLFPEAK MINLFMMG MINLFCOAL :=
RE1 0 0 0 0 0 
;
param DiscountRate default 0.05 := 
RE1 0.082 
; 
param DiscountRateIdv default 0.05 : 
RSA_POW_TD RSA_FUEL_PRO_COAL RSA_POW_PP_COAL RSA_POW_INT RSA_POW_PP_NU_OLD RSA_FUEL_PRO_URNM RSA_POW_PP_MMG RSA_POW_PP_PEAK RSA_POW_PP_BIOM RSA_POW_PP_HYDR RSA_POW_PP_CSP RSA_POW_PP_PV_UT RSA_POW_PP_PV_DIST RSA_FUEL_PRO_NG RSA_FUEL_PRO_BIOM RSA_POW_ELEC RSA_FUEL_PRO_DSL RSA_POW_PP_BST RSA_POW_STO_BAT_IN RSA_POW_STO_BAT_OUT RSA_POW_STO_PHY_IN RSA_POW_STO_PHY_OUT RSA_POW_PP_NU RSA_POW_PP_NU_SMR RSA_POW_PP_WIND :=
RE1 0.082 0.082 0.082 0.082 0.082 0.082 0.082 0.082 0.082 0.082 0.082 0.082 0.082 0.082 0.082 0.082 0.082 0.082 0.082 0.082 0.082 0.082 0.08 0.08 0.08 
;
param CapacityToActivityUnit default 1 : 
RSA_POW_TD RSA_FUEL_PRO_COAL RSA_POW_PP_COAL RSA_POW_INT RSA_POW_PP_NU_OLD RSA_FUEL_PRO_URNM RSA_POW_PP_MMG RSA_POW_PP_PEAK RSA_POW_PP_BIOM RSA_POW_PP_HYDR RSA_POW_PP_CSP RSA_POW_PP_PV_UT RSA_POW_PP_PV_DIST RSA_FUEL_PRO_NG RSA_FUEL_PRO_BIOM RSA_POW_ELEC RSA_FUEL_PRO_DSL RSA_POW_PP_BST RSA_POW_STO_BAT_IN RSA_POW_STO_BAT_OUT RSA_POW_STO_PHY_IN RSA_POW_STO_PHY_OUT RSA_POW_PP_NU RSA_POW_PP_NU_SMR RSA_POW_PP_WIND :=
RE1 31.536 31.536 31.536 31.536 31.536 31.536 31.536 31.536 31.536 31.536 31.536 31.536 31.536 31.536 31.536 31.536 31.536 31.536 31.536 31.536 31.536 31.536 31.54 31.54 31.54 
;
param OperationalLife default 1 : 
RSA_POW_TD RSA_FUEL_PRO_COAL RSA_POW_PP_COAL RSA_POW_INT RSA_POW_PP_NU_OLD RSA_FUEL_PRO_URNM RSA_POW_PP_MMG RSA_POW_PP_PEAK RSA_POW_PP_BIOM RSA_POW_PP_HYDR RSA_POW_PP_CSP RSA_POW_PP_PV_UT RSA_POW_PP_PV_DIST RSA_FUEL_PRO_NG RSA_FUEL_PRO_BIOM RSA_POW_ELEC RSA_FUEL_PRO_DSL RSA_POW_PP_BST RSA_POW_STO_BAT_IN RSA_POW_STO_BAT_OUT RSA_POW_STO_PHY_IN RSA_POW_STO_PHY_OUT RSA_POW_PP_NU RSA_POW_PP_NU_SMR RSA_POW_PP_WIND :=
RE1 25 1 30 1 60 1 30 30 30 50 30 25 25 1 1 1 1 1 1 10 1 50 60 60 20 
;
param TotalTechnologyModelPeriodActivityLowerLimit default 0 : 
RSA_POW_TD RSA_FUEL_PRO_COAL RSA_POW_PP_COAL RSA_POW_INT RSA_POW_PP_NU_OLD RSA_FUEL_PRO_URNM RSA_POW_PP_MMG RSA_POW_PP_PEAK RSA_POW_PP_BIOM RSA_POW_PP_HYDR RSA_POW_PP_CSP RSA_POW_PP_PV_UT RSA_POW_PP_PV_DIST RSA_FUEL_PRO_NG RSA_FUEL_PRO_BIOM RSA_POW_ELEC RSA_FUEL_PRO_DSL RSA_POW_PP_BST RSA_POW_STO_BAT_IN RSA_POW_STO_BAT_OUT RSA_POW_STO_PHY_IN RSA_POW_STO_PHY_OUT RSA_POW_PP_NU RSA_POW_PP_NU_SMR RSA_POW_PP_WIND :=
RE1 0 0 0 0 0 0 0 0 0 0 0 0 0 0 0 0 0 0 0 0 0 0 0 0 0 
;
param TotalTechnologyModelPeriodActivityUpperLimit default 999999 : 
RSA_POW_TD RSA_FUEL_PRO_COAL RSA_POW_PP_COAL RSA_POW_INT RSA_POW_PP_NU_OLD RSA_FUEL_PRO_URNM RSA_POW_PP_MMG RSA_POW_PP_PEAK RSA_POW_PP_BIOM RSA_POW_PP_HYDR RSA_POW_PP_CSP RSA_POW_PP_PV_UT RSA_POW_PP_PV_DIST RSA_FUEL_PRO_NG RSA_FUEL_PRO_BIOM RSA_POW_ELEC RSA_FUEL_PRO_DSL RSA_POW_PP_BST RSA_POW_STO_BAT_IN RSA_POW_STO_BAT_OUT RSA_POW_STO_PHY_IN RSA_POW_STO_PHY_OUT RSA_POW_PP_NU RSA_POW_PP_NU_SMR RSA_POW_PP_WIND :=
RE1 999999 999999 999999 999999 999999 999999 999999 999999 999999 999999 999999 999999 999999 999999 999999 999999 999999 999999 999999 999999 999999 999999 999999 999999 999999 
;
param ModelPeriodEmissionLimit default 999999 : 
RSA_CO2 :=
RE1 999999 
;
param UDCConstant default 0 := 
[RE1,*,*]: 
2020 2021 2022 2023 2024 2025 2026 2027 2028 2029 2030 2031 2032 2033 2034 2035 2036 2037 2038 2039 2040 2041 2042 2043 2044 2045 2046 2047 2048 2049 2050 2051 2052 2053 2054 2055 2056 2057 2058 2059 2060 :=
RESMAR 0 0 0 0 0 0 0 0 0 0 0 0 0 0 0 0 0 0 0 0 0 0 0 0 0 0 0 0 0 0 0 0 0 0 0 0 0 0 0 0 0 
MINLFSMR 0 0 0 0 0 0 0 0 0 0 0 0 0 0 0 0 0 0 0 0 0 0 0 0 0 0 0 0 0 0 0 0 0 0 0 0 0 0 0 0 0 
MINLFPEAK 0 0 0 0 0 0 0 0 0 0 0 0 0 0 0 0 0 0 0 0 0 0 0 0 0 0 0 0 0 0 0 0 0 0 0 0 0 0 0 0 0 
MINLFMMG 0 0 0 0 0 0 0 0 0 0 0 0 0 0 0 0 0 0 0 0 0 0 0 0 0 0 0 0 0 0 0 0 0 0 0 0 0 0 0 0 0 
MINLFCOAL 0 0 0 0 0 0 0 0 0 0 0 0 0 0 0 0 0 0 0 0 0 0 0 0 0 0 0 0 0 0 0 0 0 0 0 0 0 0 0 0 0 
;
param UDCMultiplierTotalCapacity default 0 := 
[RE1,RSA_POW_TD,*,*]:
2020 2021 2022 2023 2024 2025 2026 2027 2028 2029 2030 2031 2032 2033 2034 2035 2036 2037 2038 2039 2040 2041 2042 2043 2044 2045 2046 2047 2048 2049 2050 2051 2052 2053 2054 2055 2056 2057 2058 2059 2060 :=
RESMAR 0 1.30 1.31 1.32 1.33 1.34 1.35 1.35 1.35 1.35 1.35 1.35 1.35 1.35 1.35 1.35 1.35 1.35 1.35 1.35 1.35 1.35 1.35 1.35 1.35 1.35 1.35 1.35 1.35 1.35 1.35 1.35 1.35 1.35 1.35 1.35 1.35 1.35 1.35 1.35 1.35 
[RE1,RSA_POW_PP_COAL,*,*]:
2020 2021 2022 2023 2024 2025 2026 2027 2028 2029 2030 2031 2032 2033 2034 2035 2036 2037 2038 2039 2040 2041 2042 2043 2044 2045 2046 2047 2048 2049 2050 2051 2052 2053 2054 2055 2056 2057 2058 2059 2060 :=
RESMAR 0 -0.75 -0.74 -0.73 -0.72 -0.71 -0.7 -0.7 -0.7 -0.7 -0.7 -0.7 -0.7 -0.7 -0.7 -0.7 -0.7 -0.7 -0.7 -0.7 -0.7 -0.7 -0.7 -0.7 -0.7 -0.7 -0.7 -0.7 -0.7 -0.7 -0.7 -0.7 -0.7 -0.7 -0.7 -0.7 -0.7 -0.7 -0.7 -0.7 -0.7 
[RE1,RSA_POW_PP_NU_OLD,*,*]:
2020 2021 2022 2023 2024 2025 2026 2027 2028 2029 2030 2031 2032 2033 2034 2035 2036 2037 2038 2039 2040 2041 2042 2043 2044 2045 2046 2047 2048 2049 2050 2051 2052 2053 2054 2055 2056 2057 2058 2059 2060 :=
RESMAR 0 -1 -1 -1 -1 -1 -1 -1 -1 -1 -1 -1 -1 -1 -1 -1 -1 -1 -1 -1 -1 -1 -1 -1 -1 -1 -1 -1 -1 -1 -1 -1 -1 -1 -1 -1 -1 -1 -1 -1 -1 
[RE1,RSA_POW_PP_MMG,*,*]:
2020 2021 2022 2023 2024 2025 2026 2027 2028 2029 2030 2031 2032 2033 2034 2035 2036 2037 2038 2039 2040 2041 2042 2043 2044 2045 2046 2047 2048 2049 2050 2051 2052 2053 2054 2055 2056 2057 2058 2059 2060 :=
RESMAR 0 -1 -1 -1 -1 -1 -1 -1 -1 -1 -1 -1 -1 -1 -1 -1 -1 -1 -1 -1 -1 -1 -1 -1 -1 -1 -1 -1 -1 -1 -1 -1 -1 -1 -1 -1 -1 -1 -1 -1 -1 
[RE1,RSA_POW_PP_PEAK,*,*]:
2020 2021 2022 2023 2024 2025 2026 2027 2028 2029 2030 2031 2032 2033 2034 2035 2036 2037 2038 2039 2040 2041 2042 2043 2044 2045 2046 2047 2048 2049 2050 2051 2052 2053 2054 2055 2056 2057 2058 2059 2060 :=
RESMAR 0 -1 -1 -1 -1 -1 -1 -1 -1 -1 -1 -1 -1 -1 -1 -1 -1 -1 -1 -1 -1 -1 -1 -1 -1 -1 -1 -1 -1 -1 -1 -1 -1 -1 -1 -1 -1 -1 -1 -1 -1 
[RE1,RSA_POW_PP_BIOM,*,*]:
2020 2021 2022 2023 2024 2025 2026 2027 2028 2029 2030 2031 2032 2033 2034 2035 2036 2037 2038 2039 2040 2041 2042 2043 2044 2045 2046 2047 2048 2049 2050 2051 2052 2053 2054 2055 2056 2057 2058 2059 2060 :=
RESMAR 0 -1 -1 -1 -1 -1 -1 -1 -1 -1 -1 -1 -1 -1 -1 -1 -1 -1 -1 -1 -1 -1 -1 -1 -1 -1 -1 -1 -1 -1 -1 -1 -1 -1 -1 -1 -1 -1 -1 -1 -1 
[RE1,RSA_POW_PP_HYDR,*,*]:
2020 2021 2022 2023 2024 2025 2026 2027 2028 2029 2030 2031 2032 2033 2034 2035 2036 2037 2038 2039 2040 2041 2042 2043 2044 2045 2046 2047 2048 2049 2050 2051 2052 2053 2054 2055 2056 2057 2058 2059 2060 :=
RESMAR 0 -1 -1 -1 -1 -1 -1 -1 -1 -1 -1 -1 -1 -1 -1 -1 -1 -1 -1 -1 -1 -1 -1 -1 -1 -1 -1 -1 -1 -1 -1 -1 -1 -1 -1 -1 -1 -1 -1 -1 -1 
[RE1,RSA_POW_STO_BAT_OUT,*,*]:
2020 2021 2022 2023 2024 2025 2026 2027 2028 2029 2030 2031 2032 2033 2034 2035 2036 2037 2038 2039 2040 2041 2042 2043 2044 2045 2046 2047 2048 2049 2050 2051 2052 2053 2054 2055 2056 2057 2058 2059 2060 :=
RESMAR 0 -0.5 -0.5 -0.5 -0.5 -0.5 -0.5 -0.5 -0.5 -0.5 -0.5 -0.5 -0.5 -0.5 -0.5 -0.5 -0.5 -0.5 -0.5 -0.5 -0.5 -0.5 -0.5 -0.5 -0.5 -0.5 -0.5 -0.5 -0.5 -0.5 -0.5 -0.5 -0.5 -0.5 -0.5 -0.5 -0.5 -0.5 -0.5 -0.5 -0.5 
[RE1,RSA_POW_STO_PHY_OUT,*,*]:
2020 2021 2022 2023 2024 2025 2026 2027 2028 2029 2030 2031 2032 2033 2034 2035 2036 2037 2038 2039 2040 2041 2042 2043 2044 2045 2046 2047 2048 2049 2050 2051 2052 2053 2054 2055 2056 2057 2058 2059 2060 :=
RESMAR 0 -1 -1 -1 -1 -1 -1 -1 -1 -1 -1 -1 -1 -1 -1 -1 -1 -1 -1 -1 -1 -1 -1 -1 -1 -1 -1 -1 -1 -1 -1 -1 -1 -1 -1 -1 -1 -1 -1 -1 -1 
[RE1,RSA_POW_PP_NU,*,*]:
2020 2021 2022 2023 2024 2025 2026 2027 2028 2029 2030 2031 2032 2033 2034 2035 2036 2037 2038 2039 2040 2041 2042 2043 2044 2045 2046 2047 2048 2049 2050 2051 2052 2053 2054 2055 2056 2057 2058 2059 2060 :=
RESMAR 0 -1 -1 -1 -1 -1 -1 -1 -1 -1 -1 -1 -1 -1 -1 -1 -1 -1 -1 -1 -1 -1 -1 -1 -1 -1 -1 -1 -1 -1 -1 -1 -1 -1 -1 -1 -1 -1 -1 -1 -1 
[RE1,RSA_POW_PP_NU_SMR,*,*]:
2020 2021 2022 2023 2024 2025 2026 2027 2028 2029 2030 2031 2032 2033 2034 2035 2036 2037 2038 2039 2040 2041 2042 2043 2044 2045 2046 2047 2048 2049 2050 2051 2052 2053 2054 2055 2056 2057 2058 2059 2060 :=
RESMAR 0 -1 -1 -1 -1 -1 -1 -1 -1 -1 -1 -1 -1 -1 -1 -1 -1 -1 -1 -1 -1 -1 -1 -1 -1 -1 -1 -1 -1 -1 -1 -1 -1 -1 -1 -1 -1 -1 -1 -1 -1 
[RE1,RSA_POW_PP_NU_SMR,*,*]:
2020 2021 2022 2023 2024 2025 2026 2027 2028 2029 2030 2031 2032 2033 2034 2035 2036 2037 2038 2039 2040 2041 2042 2043 2044 2045 2046 2047 2048 2049 2050 2051 2052 2053 2054 2055 2056 2057 2058 2059 2060 :=
MINLFSMR 22.08 22.08 22.08 22.08 22.08 22.08 22.08 22.08 22.08 22.08 22.08 22.08 22.08 22.08 22.08 22.08 22.08 22.08 22.08 22.08 22.08 22.08 22.08 22.08 22.08 22.08 22.08 22.08 22.08 22.08 22.08 22.08 22.08 22.08 22.08 22.08 22.08 22.08 22.08 22.08 22.08 
[RE1,RSA_POW_PP_PEAK,*,*]:
2020 2021 2022 2023 2024 2025 2026 2027 2028 2029 2030 2031 2032 2033 2034 2035 2036 2037 2038 2039 2040 2041 2042 2043 2044 2045 2046 2047 2048 2049 2050 2051 2052 2053 2054 2055 2056 2057 2058 2059 2060 :=
MINLFPEAK 1.5768 1.5768 1.5768 1.5768 1.5768 1.5768 1.5768 1.5768 1.5768 1.5768 1.5768 1.5768 1.5768 1.5768 1.5768 1.5768 1.5768 1.5768 1.5768 1.5768 1.5768 1.5768 1.5768 1.5768 1.5768 1.5768 1.5768 1.5768 1.5768 1.5768 1.5768 1.5768 1.5768 1.5768 1.5768 1.5768 1.5768 1.5768 1.5768 1.5768 1.5768 
[RE1,RSA_POW_PP_MMG,*,*]:
2020 2021 2022 2023 2024 2025 2026 2027 2028 2029 2030 2031 2032 2033 2034 2035 2036 2037 2038 2039 2040 2041 2042 2043 2044 2045 2046 2047 2048 2049 2050 2051 2052 2053 2054 2055 2056 2057 2058 2059 2060 :=
MINLFMMG 6.31 6.31 6.31 6.31 6.31 6.31 6.31 6.31 6.31 6.31 6.31 6.31 6.31 6.31 6.31 6.31 6.31 6.31 6.31 6.31 6.31 6.31 6.31 6.31 6.31 6.31 6.31 6.31 6.31 6.31 6.31 6.31 6.31 6.31 6.31 6.31 6.31 6.31 6.31 6.31 6.31 
[RE1,RSA_POW_PP_COAL,*,*]:
2020 2021 2022 2023 2024 2025 2026 2027 2028 2029 2030 2031 2032 2033 2034 2035 2036 2037 2038 2039 2040 2041 2042 2043 2044 2045 2046 2047 2048 2049 2050 2051 2052 2053 2054 2055 2056 2057 2058 2059 2060 :=
MINLFCOAL 6.31 6.31 6.31 6.31 6.31 6.31 6.31 6.31 6.31 6.31 6.31 6.31 6.31 6.31 6.31 6.31 6.31 6.31 6.31 6.31 6.31 6.31 6.31 6.31 6.31 6.31 6.31 6.31 6.31 6.31 6.31 6.31 6.31 6.31 6.31 6.31 6.31 6.31 6.31 6.31 6.31 
;
param UDCMultiplierNewCapacity default 0 := 
;
param UDCMultiplierActivity default 0 := 
[RE1,RSA_POW_PP_NU_SMR,*,*]:
2020 2021 2022 2023 2024 2025 2026 2027 2028 2029 2030 2031 2032 2033 2034 2035 2036 2037 2038 2039 2040 2041 2042 2043 2044 2045 2046 2047 2048 2049 2050 2051 2052 2053 2054 2055 2056 2057 2058 2059 2060 :=
MINLFSMR -1 -1 -1 -1 -1 -1 -1 -1 -1 -1 -1 -1 -1 -1 -1 -1 -1 -1 -1 -1 -1 -1 -1 -1 -1 -1 -1 -1 -1 -1 -1 -1 -1 -1 -1 -1 -1 -1 -1 -1 -1 
[RE1,RSA_POW_PP_PEAK,*,*]:
2020 2021 2022 2023 2024 2025 2026 2027 2028 2029 2030 2031 2032 2033 2034 2035 2036 2037 2038 2039 2040 2041 2042 2043 2044 2045 2046 2047 2048 2049 2050 2051 2052 2053 2054 2055 2056 2057 2058 2059 2060 :=
MINLFPEAK -1 -1 -1 -1 -1 -1 -1 -1 -1 -1 -1 -1 -1 -1 -1 -1 -1 -1 -1 -1 -1 -1 -1 -1 -1 -1 -1 -1 -1 -1 -1 -1 -1 -1 -1 -1 -1 -1 -1 -1 -1 
[RE1,RSA_POW_PP_MMG,*,*]:
2020 2021 2022 2023 2024 2025 2026 2027 2028 2029 2030 2031 2032 2033 2034 2035 2036 2037 2038 2039 2040 2041 2042 2043 2044 2045 2046 2047 2048 2049 2050 2051 2052 2053 2054 2055 2056 2057 2058 2059 2060 :=
MINLFMMG -1 -1 -1 -1 -1 -1 -1 -1 -1 -1 -1 -1 -1 -1 -1 -1 -1 -1 -1 -1 -1 -1 -1 -1 -1 -1 -1 -1 -1 -1 -1 -1 -1 -1 -1 -1 -1 -1 -1 -1 -1 
[RE1,RSA_POW_PP_COAL,*,*]:
2020 2021 2022 2023 2024 2025 2026 2027 2028 2029 2030 2031 2032 2033 2034 2035 2036 2037 2038 2039 2040 2041 2042 2043 2044 2045 2046 2047 2048 2049 2050 2051 2052 2053 2054 2055 2056 2057 2058 2059 2060 :=
MINLFCOAL -1 -1 -1 -1 -1 -1 -1 -1 -1 -1 -1 -1 -1 -1 -1 -1 -1 -1 -1 -1 -1 -1 -1 -1 -1 -1 -1 -1 -1 -1 -1 -1 -1 -1 -1 -1 -1 -1 -1 -1 -1 
;
param YearSplit default 1 : 
2020 2021 2022 2023 2024 2025 2026 2027 2028 2029 2030 2031 2032 2033 2034 2035 2036 2037 2038 2039 2040 2041 2042 2043 2044 2045 2046 2047 2048 2049 2050 2051 2052 2053 2054 2055 2056 2057 2058 2059 2060 :=
1 0.014155251 0.014155251 0.014155251 0.014155251 0.014155251 0.014155251 0.014155251 0.014155251 0.014155251 0.014155251 0.014155251 0.014155251 0.014155251 0.014155251 0.014155251 0.014155251 0.014155251 0.014155251 0.014155251 0.014155251 0.014155251 0.014155251 0.014155251 0.014155251 0.014155251 0.014155251 0.014155251 0.014155251 0.014155251 0.014155251 0.014155251 0.014155251 0.014155251 0.014155251 0.014155251 0.014155251 0.014155251 0.014155251 0.014155251 0.014155251 0.014155251 
2 0.014155251 0.014155251 0.014155251 0.014155251 0.014155251 0.014155251 0.014155251 0.014155251 0.014155251 0.014155251 0.014155251 0.014155251 0.014155251 0.014155251 0.014155251 0.014155251 0.014155251 0.014155251 0.014155251 0.014155251 0.014155251 0.014155251 0.014155251 0.014155251 0.014155251 0.014155251 0.014155251 0.014155251 0.014155251 0.014155251 0.014155251 0.014155251 0.014155251 0.014155251 0.014155251 0.014155251 0.014155251 0.014155251 0.014155251 0.014155251 0.014155251 
3 0.014155251 0.014155251 0.014155251 0.014155251 0.014155251 0.014155251 0.014155251 0.014155251 0.014155251 0.014155251 0.014155251 0.014155251 0.014155251 0.014155251 0.014155251 0.014155251 0.014155251 0.014155251 0.014155251 0.014155251 0.014155251 0.014155251 0.014155251 0.014155251 0.014155251 0.014155251 0.014155251 0.014155251 0.014155251 0.014155251 0.014155251 0.014155251 0.014155251 0.014155251 0.014155251 0.014155251 0.014155251 0.014155251 0.014155251 0.014155251 0.014155251 
4 0.014155251 0.014155251 0.014155251 0.014155251 0.014155251 0.014155251 0.014155251 0.014155251 0.014155251 0.014155251 0.014155251 0.014155251 0.014155251 0.014155251 0.014155251 0.014155251 0.014155251 0.014155251 0.014155251 0.014155251 0.014155251 0.014155251 0.014155251 0.014155251 0.014155251 0.014155251 0.014155251 0.014155251 0.014155251 0.014155251 0.014155251 0.014155251 0.014155251 0.014155251 0.014155251 0.014155251 0.014155251 0.014155251 0.014155251 0.014155251 0.014155251 
5 0.014155251 0.014155251 0.014155251 0.014155251 0.014155251 0.014155251 0.014155251 0.014155251 0.014155251 0.014155251 0.014155251 0.014155251 0.014155251 0.014155251 0.014155251 0.014155251 0.014155251 0.014155251 0.014155251 0.014155251 0.014155251 0.014155251 0.014155251 0.014155251 0.014155251 0.014155251 0.014155251 0.014155251 0.014155251 0.014155251 0.014155251 0.014155251 0.014155251 0.014155251 0.014155251 0.014155251 0.014155251 0.014155251 0.014155251 0.014155251 0.014155251 
6 0.014155251 0.014155251 0.014155251 0.014155251 0.014155251 0.014155251 0.014155251 0.014155251 0.014155251 0.014155251 0.014155251 0.014155251 0.014155251 0.014155251 0.014155251 0.014155251 0.014155251 0.014155251 0.014155251 0.014155251 0.014155251 0.014155251 0.014155251 0.014155251 0.014155251 0.014155251 0.014155251 0.014155251 0.014155251 0.014155251 0.014155251 0.014155251 0.014155251 0.014155251 0.014155251 0.014155251 0.014155251 0.014155251 0.014155251 0.014155251 0.014155251 
7 0.014155251 0.014155251 0.014155251 0.014155251 0.014155251 0.014155251 0.014155251 0.014155251 0.014155251 0.014155251 0.014155251 0.014155251 0.014155251 0.014155251 0.014155251 0.014155251 0.014155251 0.014155251 0.014155251 0.014155251 0.014155251 0.014155251 0.014155251 0.014155251 0.014155251 0.014155251 0.014155251 0.014155251 0.014155251 0.014155251 0.014155251 0.014155251 0.014155251 0.014155251 0.014155251 0.014155251 0.014155251 0.014155251 0.014155251 0.014155251 0.014155251 
8 0.014155251 0.014155251 0.014155251 0.014155251 0.014155251 0.014155251 0.014155251 0.014155251 0.014155251 0.014155251 0.014155251 0.014155251 0.014155251 0.014155251 0.014155251 0.014155251 0.014155251 0.014155251 0.014155251 0.014155251 0.014155251 0.014155251 0.014155251 0.014155251 0.014155251 0.014155251 0.014155251 0.014155251 0.014155251 0.014155251 0.014155251 0.014155251 0.014155251 0.014155251 0.014155251 0.014155251 0.014155251 0.014155251 0.014155251 0.014155251 0.014155251 
9 0.014155251 0.014155251 0.014155251 0.014155251 0.014155251 0.014155251 0.014155251 0.014155251 0.014155251 0.014155251 0.014155251 0.014155251 0.014155251 0.014155251 0.014155251 0.014155251 0.014155251 0.014155251 0.014155251 0.014155251 0.014155251 0.014155251 0.014155251 0.014155251 0.014155251 0.014155251 0.014155251 0.014155251 0.014155251 0.014155251 0.014155251 0.014155251 0.014155251 0.014155251 0.014155251 0.014155251 0.014155251 0.014155251 0.014155251 0.014155251 0.014155251 
10 0.014155251 0.014155251 0.014155251 0.014155251 0.014155251 0.014155251 0.014155251 0.014155251 0.014155251 0.014155251 0.014155251 0.014155251 0.014155251 0.014155251 0.014155251 0.014155251 0.014155251 0.014155251 0.014155251 0.014155251 0.014155251 0.014155251 0.014155251 0.014155251 0.014155251 0.014155251 0.014155251 0.014155251 0.014155251 0.014155251 0.014155251 0.014155251 0.014155251 0.014155251 0.014155251 0.014155251 0.014155251 0.014155251 0.014155251 0.014155251 0.014155251 
11 0.014155251 0.014155251 0.014155251 0.014155251 0.014155251 0.014155251 0.014155251 0.014155251 0.014155251 0.014155251 0.014155251 0.014155251 0.014155251 0.014155251 0.014155251 0.014155251 0.014155251 0.014155251 0.014155251 0.014155251 0.014155251 0.014155251 0.014155251 0.014155251 0.014155251 0.014155251 0.014155251 0.014155251 0.014155251 0.014155251 0.014155251 0.014155251 0.014155251 0.014155251 0.014155251 0.014155251 0.014155251 0.014155251 0.014155251 0.014155251 0.014155251 
12 0.014155251 0.014155251 0.014155251 0.014155251 0.014155251 0.014155251 0.014155251 0.014155251 0.014155251 0.014155251 0.014155251 0.014155251 0.014155251 0.014155251 0.014155251 0.014155251 0.014155251 0.014155251 0.014155251 0.014155251 0.014155251 0.014155251 0.014155251 0.014155251 0.014155251 0.014155251 0.014155251 0.014155251 0.014155251 0.014155251 0.014155251 0.014155251 0.014155251 0.014155251 0.014155251 0.014155251 0.014155251 0.014155251 0.014155251 0.014155251 0.014155251 
13 0.020319635 0.020319635 0.020319635 0.020319635 0.020319635 0.020319635 0.020319635 0.020319635 0.020319635 0.020319635 0.020319635 0.020319635 0.020319635 0.020319635 0.020319635 0.020319635 0.020319635 0.020319635 0.020319635 0.020319635 0.020319635 0.020319635 0.020319635 0.020319635 0.020319635 0.020319635 0.020319635 0.020319635 0.020319635 0.020319635 0.020319635 0.020319635 0.020319635 0.020319635 0.020319635 0.020319635 0.020319635 0.020319635 0.020319635 0.020319635 0.020319635 
14 0.020319635 0.020319635 0.020319635 0.020319635 0.020319635 0.020319635 0.020319635 0.020319635 0.020319635 0.020319635 0.020319635 0.020319635 0.020319635 0.020319635 0.020319635 0.020319635 0.020319635 0.020319635 0.020319635 0.020319635 0.020319635 0.020319635 0.020319635 0.020319635 0.020319635 0.020319635 0.020319635 0.020319635 0.020319635 0.020319635 0.020319635 0.020319635 0.020319635 0.020319635 0.020319635 0.020319635 0.020319635 0.020319635 0.020319635 0.020319635 0.020319635 
15 0.020319635 0.020319635 0.020319635 0.020319635 0.020319635 0.020319635 0.020319635 0.020319635 0.020319635 0.020319635 0.020319635 0.020319635 0.020319635 0.020319635 0.020319635 0.020319635 0.020319635 0.020319635 0.020319635 0.020319635 0.020319635 0.020319635 0.020319635 0.020319635 0.020319635 0.020319635 0.020319635 0.020319635 0.020319635 0.020319635 0.020319635 0.020319635 0.020319635 0.020319635 0.020319635 0.020319635 0.020319635 0.020319635 0.020319635 0.020319635 0.020319635 
16 0.020319635 0.020319635 0.020319635 0.020319635 0.020319635 0.020319635 0.020319635 0.020319635 0.020319635 0.020319635 0.020319635 0.020319635 0.020319635 0.020319635 0.020319635 0.020319635 0.020319635 0.020319635 0.020319635 0.020319635 0.020319635 0.020319635 0.020319635 0.020319635 0.020319635 0.020319635 0.020319635 0.020319635 0.020319635 0.020319635 0.020319635 0.020319635 0.020319635 0.020319635 0.020319635 0.020319635 0.020319635 0.020319635 0.020319635 0.020319635 0.020319635 
17 0.020319635 0.020319635 0.020319635 0.020319635 0.020319635 0.020319635 0.020319635 0.020319635 0.020319635 0.020319635 0.020319635 0.020319635 0.020319635 0.020319635 0.020319635 0.020319635 0.020319635 0.020319635 0.020319635 0.020319635 0.020319635 0.020319635 0.020319635 0.020319635 0.020319635 0.020319635 0.020319635 0.020319635 0.020319635 0.020319635 0.020319635 0.020319635 0.020319635 0.020319635 0.020319635 0.020319635 0.020319635 0.020319635 0.020319635 0.020319635 0.020319635 
18 0.020319635 0.020319635 0.020319635 0.020319635 0.020319635 0.020319635 0.020319635 0.020319635 0.020319635 0.020319635 0.020319635 0.020319635 0.020319635 0.020319635 0.020319635 0.020319635 0.020319635 0.020319635 0.020319635 0.020319635 0.020319635 0.020319635 0.020319635 0.020319635 0.020319635 0.020319635 0.020319635 0.020319635 0.020319635 0.020319635 0.020319635 0.020319635 0.020319635 0.020319635 0.020319635 0.020319635 0.020319635 0.020319635 0.020319635 0.020319635 0.020319635 
19 0.020319635 0.020319635 0.020319635 0.020319635 0.020319635 0.020319635 0.020319635 0.020319635 0.020319635 0.020319635 0.020319635 0.020319635 0.020319635 0.020319635 0.020319635 0.020319635 0.020319635 0.020319635 0.020319635 0.020319635 0.020319635 0.020319635 0.020319635 0.020319635 0.020319635 0.020319635 0.020319635 0.020319635 0.020319635 0.020319635 0.020319635 0.020319635 0.020319635 0.020319635 0.020319635 0.020319635 0.020319635 0.020319635 0.020319635 0.020319635 0.020319635 
20 0.020319635 0.020319635 0.020319635 0.020319635 0.020319635 0.020319635 0.020319635 0.020319635 0.020319635 0.020319635 0.020319635 0.020319635 0.020319635 0.020319635 0.020319635 0.020319635 0.020319635 0.020319635 0.020319635 0.020319635 0.020319635 0.020319635 0.020319635 0.020319635 0.020319635 0.020319635 0.020319635 0.020319635 0.020319635 0.020319635 0.020319635 0.020319635 0.020319635 0.020319635 0.020319635 0.020319635 0.020319635 0.020319635 0.020319635 0.020319635 0.020319635 
21 0.020319635 0.020319635 0.020319635 0.020319635 0.020319635 0.020319635 0.020319635 0.020319635 0.020319635 0.020319635 0.020319635 0.020319635 0.020319635 0.020319635 0.020319635 0.020319635 0.020319635 0.020319635 0.020319635 0.020319635 0.020319635 0.020319635 0.020319635 0.020319635 0.020319635 0.020319635 0.020319635 0.020319635 0.020319635 0.020319635 0.020319635 0.020319635 0.020319635 0.020319635 0.020319635 0.020319635 0.020319635 0.020319635 0.020319635 0.020319635 0.020319635 
22 0.020319635 0.020319635 0.020319635 0.020319635 0.020319635 0.020319635 0.020319635 0.020319635 0.020319635 0.020319635 0.020319635 0.020319635 0.020319635 0.020319635 0.020319635 0.020319635 0.020319635 0.020319635 0.020319635 0.020319635 0.020319635 0.020319635 0.020319635 0.020319635 0.020319635 0.020319635 0.020319635 0.020319635 0.020319635 0.020319635 0.020319635 0.020319635 0.020319635 0.020319635 0.020319635 0.020319635 0.020319635 0.020319635 0.020319635 0.020319635 0.020319635 
23 0.020319635 0.020319635 0.020319635 0.020319635 0.020319635 0.020319635 0.020319635 0.020319635 0.020319635 0.020319635 0.020319635 0.020319635 0.020319635 0.020319635 0.020319635 0.020319635 0.020319635 0.020319635 0.020319635 0.020319635 0.020319635 0.020319635 0.020319635 0.020319635 0.020319635 0.020319635 0.020319635 0.020319635 0.020319635 0.020319635 0.020319635 0.020319635 0.020319635 0.020319635 0.020319635 0.020319635 0.020319635 0.020319635 0.020319635 0.020319635 0.020319635 
24 0.020319635 0.020319635 0.020319635 0.020319635 0.020319635 0.020319635 0.020319635 0.020319635 0.020319635 0.020319635 0.020319635 0.020319635 0.020319635 0.020319635 0.020319635 0.020319635 0.020319635 0.020319635 0.020319635 0.020319635 0.020319635 0.020319635 0.020319635 0.020319635 0.020319635 0.020319635 0.020319635 0.020319635 0.020319635 0.020319635 0.020319635 0.020319635 0.020319635 0.020319635 0.020319635 0.020319635 0.020319635 0.020319635 0.020319635 0.020319635 0.020319635 
25 0.023515982 0.023515982 0.023515982 0.023515982 0.023515982 0.023515982 0.023515982 0.023515982 0.023515982 0.023515982 0.023515982 0.023515982 0.023515982 0.023515982 0.023515982 0.023515982 0.023515982 0.023515982 0.023515982 0.023515982 0.023515982 0.023515982 0.023515982 0.023515982 0.023515982 0.023515982 0.023515982 0.023515982 0.023515982 0.023515982 0.023515982 0.023515982 0.023515982 0.023515982 0.023515982 0.023515982 0.023515982 0.023515982 0.023515982 0.023515982 0.023515982 
26 0.023515982 0.023515982 0.023515982 0.023515982 0.023515982 0.023515982 0.023515982 0.023515982 0.023515982 0.023515982 0.023515982 0.023515982 0.023515982 0.023515982 0.023515982 0.023515982 0.023515982 0.023515982 0.023515982 0.023515982 0.023515982 0.023515982 0.023515982 0.023515982 0.023515982 0.023515982 0.023515982 0.023515982 0.023515982 0.023515982 0.023515982 0.023515982 0.023515982 0.023515982 0.023515982 0.023515982 0.023515982 0.023515982 0.023515982 0.023515982 0.023515982 
27 0.023515982 0.023515982 0.023515982 0.023515982 0.023515982 0.023515982 0.023515982 0.023515982 0.023515982 0.023515982 0.023515982 0.023515982 0.023515982 0.023515982 0.023515982 0.023515982 0.023515982 0.023515982 0.023515982 0.023515982 0.023515982 0.023515982 0.023515982 0.023515982 0.023515982 0.023515982 0.023515982 0.023515982 0.023515982 0.023515982 0.023515982 0.023515982 0.023515982 0.023515982 0.023515982 0.023515982 0.023515982 0.023515982 0.023515982 0.023515982 0.023515982 
28 0.023515982 0.023515982 0.023515982 0.023515982 0.023515982 0.023515982 0.023515982 0.023515982 0.023515982 0.023515982 0.023515982 0.023515982 0.023515982 0.023515982 0.023515982 0.023515982 0.023515982 0.023515982 0.023515982 0.023515982 0.023515982 0.023515982 0.023515982 0.023515982 0.023515982 0.023515982 0.023515982 0.023515982 0.023515982 0.023515982 0.023515982 0.023515982 0.023515982 0.023515982 0.023515982 0.023515982 0.023515982 0.023515982 0.023515982 0.023515982 0.023515982 
29 0.023515982 0.023515982 0.023515982 0.023515982 0.023515982 0.023515982 0.023515982 0.023515982 0.023515982 0.023515982 0.023515982 0.023515982 0.023515982 0.023515982 0.023515982 0.023515982 0.023515982 0.023515982 0.023515982 0.023515982 0.023515982 0.023515982 0.023515982 0.023515982 0.023515982 0.023515982 0.023515982 0.023515982 0.023515982 0.023515982 0.023515982 0.023515982 0.023515982 0.023515982 0.023515982 0.023515982 0.023515982 0.023515982 0.023515982 0.023515982 0.023515982 
30 0.023515982 0.023515982 0.023515982 0.023515982 0.023515982 0.023515982 0.023515982 0.023515982 0.023515982 0.023515982 0.023515982 0.023515982 0.023515982 0.023515982 0.023515982 0.023515982 0.023515982 0.023515982 0.023515982 0.023515982 0.023515982 0.023515982 0.023515982 0.023515982 0.023515982 0.023515982 0.023515982 0.023515982 0.023515982 0.023515982 0.023515982 0.023515982 0.023515982 0.023515982 0.023515982 0.023515982 0.023515982 0.023515982 0.023515982 0.023515982 0.023515982 
31 0.023515982 0.023515982 0.023515982 0.023515982 0.023515982 0.023515982 0.023515982 0.023515982 0.023515982 0.023515982 0.023515982 0.023515982 0.023515982 0.023515982 0.023515982 0.023515982 0.023515982 0.023515982 0.023515982 0.023515982 0.023515982 0.023515982 0.023515982 0.023515982 0.023515982 0.023515982 0.023515982 0.023515982 0.023515982 0.023515982 0.023515982 0.023515982 0.023515982 0.023515982 0.023515982 0.023515982 0.023515982 0.023515982 0.023515982 0.023515982 0.023515982 
32 0.023515982 0.023515982 0.023515982 0.023515982 0.023515982 0.023515982 0.023515982 0.023515982 0.023515982 0.023515982 0.023515982 0.023515982 0.023515982 0.023515982 0.023515982 0.023515982 0.023515982 0.023515982 0.023515982 0.023515982 0.023515982 0.023515982 0.023515982 0.023515982 0.023515982 0.023515982 0.023515982 0.023515982 0.023515982 0.023515982 0.023515982 0.023515982 0.023515982 0.023515982 0.023515982 0.023515982 0.023515982 0.023515982 0.023515982 0.023515982 0.023515982 
33 0.023515982 0.023515982 0.023515982 0.023515982 0.023515982 0.023515982 0.023515982 0.023515982 0.023515982 0.023515982 0.023515982 0.023515982 0.023515982 0.023515982 0.023515982 0.023515982 0.023515982 0.023515982 0.023515982 0.023515982 0.023515982 0.023515982 0.023515982 0.023515982 0.023515982 0.023515982 0.023515982 0.023515982 0.023515982 0.023515982 0.023515982 0.023515982 0.023515982 0.023515982 0.023515982 0.023515982 0.023515982 0.023515982 0.023515982 0.023515982 0.023515982 
34 0.023515982 0.023515982 0.023515982 0.023515982 0.023515982 0.023515982 0.023515982 0.023515982 0.023515982 0.023515982 0.023515982 0.023515982 0.023515982 0.023515982 0.023515982 0.023515982 0.023515982 0.023515982 0.023515982 0.023515982 0.023515982 0.023515982 0.023515982 0.023515982 0.023515982 0.023515982 0.023515982 0.023515982 0.023515982 0.023515982 0.023515982 0.023515982 0.023515982 0.023515982 0.023515982 0.023515982 0.023515982 0.023515982 0.023515982 0.023515982 0.023515982 
35 0.023515982 0.023515982 0.023515982 0.023515982 0.023515982 0.023515982 0.023515982 0.023515982 0.023515982 0.023515982 0.023515982 0.023515982 0.023515982 0.023515982 0.023515982 0.023515982 0.023515982 0.023515982 0.023515982 0.023515982 0.023515982 0.023515982 0.023515982 0.023515982 0.023515982 0.023515982 0.023515982 0.023515982 0.023515982 0.023515982 0.023515982 0.023515982 0.023515982 0.023515982 0.023515982 0.023515982 0.023515982 0.023515982 0.023515982 0.023515982 0.023515982 
36 0.023515982 0.023515982 0.023515982 0.023515982 0.023515982 0.023515982 0.023515982 0.023515982 0.023515982 0.023515982 0.023515982 0.023515982 0.023515982 0.023515982 0.023515982 0.023515982 0.023515982 0.023515982 0.023515982 0.023515982 0.023515982 0.023515982 0.023515982 0.023515982 0.023515982 0.023515982 0.023515982 0.023515982 0.023515982 0.023515982 0.023515982 0.023515982 0.023515982 0.023515982 0.023515982 0.023515982 0.023515982 0.023515982 0.023515982 0.023515982 0.023515982 
37 0.020776256 0.020776256 0.020776256 0.020776256 0.020776256 0.020776256 0.020776256 0.020776256 0.020776256 0.020776256 0.020776256 0.020776256 0.020776256 0.020776256 0.020776256 0.020776256 0.020776256 0.020776256 0.020776256 0.020776256 0.020776256 0.020776256 0.020776256 0.020776256 0.020776256 0.020776256 0.020776256 0.020776256 0.020776256 0.020776256 0.020776256 0.020776256 0.020776256 0.020776256 0.020776256 0.020776256 0.020776256 0.020776256 0.020776256 0.020776256 0.020776256 
38 0.020776256 0.020776256 0.020776256 0.020776256 0.020776256 0.020776256 0.020776256 0.020776256 0.020776256 0.020776256 0.020776256 0.020776256 0.020776256 0.020776256 0.020776256 0.020776256 0.020776256 0.020776256 0.020776256 0.020776256 0.020776256 0.020776256 0.020776256 0.020776256 0.020776256 0.020776256 0.020776256 0.020776256 0.020776256 0.020776256 0.020776256 0.020776256 0.020776256 0.020776256 0.020776256 0.020776256 0.020776256 0.020776256 0.020776256 0.020776256 0.020776256 
39 0.020776256 0.020776256 0.020776256 0.020776256 0.020776256 0.020776256 0.020776256 0.020776256 0.020776256 0.020776256 0.020776256 0.020776256 0.020776256 0.020776256 0.020776256 0.020776256 0.020776256 0.020776256 0.020776256 0.020776256 0.020776256 0.020776256 0.020776256 0.020776256 0.020776256 0.020776256 0.020776256 0.020776256 0.020776256 0.020776256 0.020776256 0.020776256 0.020776256 0.020776256 0.020776256 0.020776256 0.020776256 0.020776256 0.020776256 0.020776256 0.020776256 
40 0.020776256 0.020776256 0.020776256 0.020776256 0.020776256 0.020776256 0.020776256 0.020776256 0.020776256 0.020776256 0.020776256 0.020776256 0.020776256 0.020776256 0.020776256 0.020776256 0.020776256 0.020776256 0.020776256 0.020776256 0.020776256 0.020776256 0.020776256 0.020776256 0.020776256 0.020776256 0.020776256 0.020776256 0.020776256 0.020776256 0.020776256 0.020776256 0.020776256 0.020776256 0.020776256 0.020776256 0.020776256 0.020776256 0.020776256 0.020776256 0.020776256 
41 0.020776256 0.020776256 0.020776256 0.020776256 0.020776256 0.020776256 0.020776256 0.020776256 0.020776256 0.020776256 0.020776256 0.020776256 0.020776256 0.020776256 0.020776256 0.020776256 0.020776256 0.020776256 0.020776256 0.020776256 0.020776256 0.020776256 0.020776256 0.020776256 0.020776256 0.020776256 0.020776256 0.020776256 0.020776256 0.020776256 0.020776256 0.020776256 0.020776256 0.020776256 0.020776256 0.020776256 0.020776256 0.020776256 0.020776256 0.020776256 0.020776256 
42 0.020776256 0.020776256 0.020776256 0.020776256 0.020776256 0.020776256 0.020776256 0.020776256 0.020776256 0.020776256 0.020776256 0.020776256 0.020776256 0.020776256 0.020776256 0.020776256 0.020776256 0.020776256 0.020776256 0.020776256 0.020776256 0.020776256 0.020776256 0.020776256 0.020776256 0.020776256 0.020776256 0.020776256 0.020776256 0.020776256 0.020776256 0.020776256 0.020776256 0.020776256 0.020776256 0.020776256 0.020776256 0.020776256 0.020776256 0.020776256 0.020776256 
43 0.020776256 0.020776256 0.020776256 0.020776256 0.020776256 0.020776256 0.020776256 0.020776256 0.020776256 0.020776256 0.020776256 0.020776256 0.020776256 0.020776256 0.020776256 0.020776256 0.020776256 0.020776256 0.020776256 0.020776256 0.020776256 0.020776256 0.020776256 0.020776256 0.020776256 0.020776256 0.020776256 0.020776256 0.020776256 0.020776256 0.020776256 0.020776256 0.020776256 0.020776256 0.020776256 0.020776256 0.020776256 0.020776256 0.020776256 0.020776256 0.020776256 
44 0.020776256 0.020776256 0.020776256 0.020776256 0.020776256 0.020776256 0.020776256 0.020776256 0.020776256 0.020776256 0.020776256 0.020776256 0.020776256 0.020776256 0.020776256 0.020776256 0.020776256 0.020776256 0.020776256 0.020776256 0.020776256 0.020776256 0.020776256 0.020776256 0.020776256 0.020776256 0.020776256 0.020776256 0.020776256 0.020776256 0.020776256 0.020776256 0.020776256 0.020776256 0.020776256 0.020776256 0.020776256 0.020776256 0.020776256 0.020776256 0.020776256 
45 0.020776256 0.020776256 0.020776256 0.020776256 0.020776256 0.020776256 0.020776256 0.020776256 0.020776256 0.020776256 0.020776256 0.020776256 0.020776256 0.020776256 0.020776256 0.020776256 0.020776256 0.020776256 0.020776256 0.020776256 0.020776256 0.020776256 0.020776256 0.020776256 0.020776256 0.020776256 0.020776256 0.020776256 0.020776256 0.020776256 0.020776256 0.020776256 0.020776256 0.020776256 0.020776256 0.020776256 0.020776256 0.020776256 0.020776256 0.020776256 0.020776256 
46 0.020776256 0.020776256 0.020776256 0.020776256 0.020776256 0.020776256 0.020776256 0.020776256 0.020776256 0.020776256 0.020776256 0.020776256 0.020776256 0.020776256 0.020776256 0.020776256 0.020776256 0.020776256 0.020776256 0.020776256 0.020776256 0.020776256 0.020776256 0.020776256 0.020776256 0.020776256 0.020776256 0.020776256 0.020776256 0.020776256 0.020776256 0.020776256 0.020776256 0.020776256 0.020776256 0.020776256 0.020776256 0.020776256 0.020776256 0.020776256 0.020776256 
47 0.020776256 0.020776256 0.020776256 0.020776256 0.020776256 0.020776256 0.020776256 0.020776256 0.020776256 0.020776256 0.020776256 0.020776256 0.020776256 0.020776256 0.020776256 0.020776256 0.020776256 0.020776256 0.020776256 0.020776256 0.020776256 0.020776256 0.020776256 0.020776256 0.020776256 0.020776256 0.020776256 0.020776256 0.020776256 0.020776256 0.020776256 0.020776256 0.020776256 0.020776256 0.020776256 0.020776256 0.020776256 0.020776256 0.020776256 0.020776256 0.020776256 
48 0.020776256 0.020776256 0.020776256 0.020776256 0.020776256 0.020776256 0.020776256 0.020776256 0.020776256 0.020776256 0.020776256 0.020776256 0.020776256 0.020776256 0.020776256 0.020776256 0.020776256 0.020776256 0.020776256 0.020776256 0.020776256 0.020776256 0.020776256 0.020776256 0.020776256 0.020776256 0.020776256 0.020776256 0.020776256 0.020776256 0.020776256 0.020776256 0.020776256 0.020776256 0.020776256 0.020776256 0.020776256 0.020776256 0.020776256 0.020776256 0.020776256 
49 0.00913242 0.00913242 0.00913242 0.00913242 0.00913242 0.00913242 0.00913242 0.00913242 0.00913242 0.00913242 0.00913242 0.00913242 0.00913242 0.00913242 0.00913242 0.00913242 0.00913242 0.00913242 0.00913242 0.00913242 0.00913242 0.00913242 0.00913242 0.00913242 0.00913242 0.00913242 0.00913242 0.00913242 0.00913242 0.00913242 0.00913242 0.00913242 0.00913242 0.00913242 0.00913242 0.00913242 0.00913242 0.00913242 0.00913242 0.00913242 0.00913242 
50 0.00913242 0.00913242 0.00913242 0.00913242 0.00913242 0.00913242 0.00913242 0.00913242 0.00913242 0.00913242 0.00913242 0.00913242 0.00913242 0.00913242 0.00913242 0.00913242 0.00913242 0.00913242 0.00913242 0.00913242 0.00913242 0.00913242 0.00913242 0.00913242 0.00913242 0.00913242 0.00913242 0.00913242 0.00913242 0.00913242 0.00913242 0.00913242 0.00913242 0.00913242 0.00913242 0.00913242 0.00913242 0.00913242 0.00913242 0.00913242 0.00913242 
51 0.00913242 0.00913242 0.00913242 0.00913242 0.00913242 0.00913242 0.00913242 0.00913242 0.00913242 0.00913242 0.00913242 0.00913242 0.00913242 0.00913242 0.00913242 0.00913242 0.00913242 0.00913242 0.00913242 0.00913242 0.00913242 0.00913242 0.00913242 0.00913242 0.00913242 0.00913242 0.00913242 0.00913242 0.00913242 0.00913242 0.00913242 0.00913242 0.00913242 0.00913242 0.00913242 0.00913242 0.00913242 0.00913242 0.00913242 0.00913242 0.00913242 
52 0.00913242 0.00913242 0.00913242 0.00913242 0.00913242 0.00913242 0.00913242 0.00913242 0.00913242 0.00913242 0.00913242 0.00913242 0.00913242 0.00913242 0.00913242 0.00913242 0.00913242 0.00913242 0.00913242 0.00913242 0.00913242 0.00913242 0.00913242 0.00913242 0.00913242 0.00913242 0.00913242 0.00913242 0.00913242 0.00913242 0.00913242 0.00913242 0.00913242 0.00913242 0.00913242 0.00913242 0.00913242 0.00913242 0.00913242 0.00913242 0.00913242 
53 0.00913242 0.00913242 0.00913242 0.00913242 0.00913242 0.00913242 0.00913242 0.00913242 0.00913242 0.00913242 0.00913242 0.00913242 0.00913242 0.00913242 0.00913242 0.00913242 0.00913242 0.00913242 0.00913242 0.00913242 0.00913242 0.00913242 0.00913242 0.00913242 0.00913242 0.00913242 0.00913242 0.00913242 0.00913242 0.00913242 0.00913242 0.00913242 0.00913242 0.00913242 0.00913242 0.00913242 0.00913242 0.00913242 0.00913242 0.00913242 0.00913242 
54 0.00913242 0.00913242 0.00913242 0.00913242 0.00913242 0.00913242 0.00913242 0.00913242 0.00913242 0.00913242 0.00913242 0.00913242 0.00913242 0.00913242 0.00913242 0.00913242 0.00913242 0.00913242 0.00913242 0.00913242 0.00913242 0.00913242 0.00913242 0.00913242 0.00913242 0.00913242 0.00913242 0.00913242 0.00913242 0.00913242 0.00913242 0.00913242 0.00913242 0.00913242 0.00913242 0.00913242 0.00913242 0.00913242 0.00913242 0.00913242 0.00913242 
;
param DaySplit default 1 : 
2020 2021 2022 2023 2024 2025 2026 2027 2028 2029 2030 2031 2032 2033 2034 2035 2036 2037 2038 2039 2040 2041 2042 2043 2044 2045 2046 2047 2048 2049 2050 2051 2052 2053 2054 2055 2056 2057 2058 2059 2060 :=
1 0.000456621 0.000456621 0.000456621 0.000456621 0.000456621 0.000456621 0.000456621 0.000456621 0.000456621 0.000456621 0.000456621 0.000456621 0.000456621 0.000456621 0.000456621 0.000456621 0.000456621 0.000456621 0.000456621 0.000456621 0.000456621 0.000456621 0.000456621 0.000456621 0.000456621 0.000456621 0.000456621 0.000456621 0.000456621 0.000456621 0.000456621 0.000456621 0.000456621 0.000456621 0.000456621 0.000456621 0.000456621 0.000456621 0.000456621 0.000456621 0.000456621 
2 0.000456621 0.000456621 0.000456621 0.000456621 0.000456621 0.000456621 0.000456621 0.000456621 0.000456621 0.000456621 0.000456621 0.000456621 0.000456621 0.000456621 0.000456621 0.000456621 0.000456621 0.000456621 0.000456621 0.000456621 0.000456621 0.000456621 0.000456621 0.000456621 0.000456621 0.000456621 0.000456621 0.000456621 0.000456621 0.000456621 0.000456621 0.000456621 0.000456621 0.000456621 0.000456621 0.000456621 0.000456621 0.000456621 0.000456621 0.000456621 0.000456621 
3 0.000456621 0.000456621 0.000456621 0.000456621 0.000456621 0.000456621 0.000456621 0.000456621 0.000456621 0.000456621 0.000456621 0.000456621 0.000456621 0.000456621 0.000456621 0.000456621 0.000456621 0.000456621 0.000456621 0.000456621 0.000456621 0.000456621 0.000456621 0.000456621 0.000456621 0.000456621 0.000456621 0.000456621 0.000456621 0.000456621 0.000456621 0.000456621 0.000456621 0.000456621 0.000456621 0.000456621 0.000456621 0.000456621 0.000456621 0.000456621 0.000456621 
4 0.000456621 0.000456621 0.000456621 0.000456621 0.000456621 0.000456621 0.000456621 0.000456621 0.000456621 0.000456621 0.000456621 0.000456621 0.000456621 0.000456621 0.000456621 0.000456621 0.000456621 0.000456621 0.000456621 0.000456621 0.000456621 0.000456621 0.000456621 0.000456621 0.000456621 0.000456621 0.000456621 0.000456621 0.000456621 0.000456621 0.000456621 0.000456621 0.000456621 0.000456621 0.000456621 0.000456621 0.000456621 0.000456621 0.000456621 0.000456621 0.000456621 
5 0.000456621 0.000456621 0.000456621 0.000456621 0.000456621 0.000456621 0.000456621 0.000456621 0.000456621 0.000456621 0.000456621 0.000456621 0.000456621 0.000456621 0.000456621 0.000456621 0.000456621 0.000456621 0.000456621 0.000456621 0.000456621 0.000456621 0.000456621 0.000456621 0.000456621 0.000456621 0.000456621 0.000456621 0.000456621 0.000456621 0.000456621 0.000456621 0.000456621 0.000456621 0.000456621 0.000456621 0.000456621 0.000456621 0.000456621 0.000456621 0.000456621 
6 0.000456621 0.000456621 0.000456621 0.000456621 0.000456621 0.000456621 0.000456621 0.000456621 0.000456621 0.000456621 0.000456621 0.000456621 0.000456621 0.000456621 0.000456621 0.000456621 0.000456621 0.000456621 0.000456621 0.000456621 0.000456621 0.000456621 0.000456621 0.000456621 0.000456621 0.000456621 0.000456621 0.000456621 0.000456621 0.000456621 0.000456621 0.000456621 0.000456621 0.000456621 0.000456621 0.000456621 0.000456621 0.000456621 0.000456621 0.000456621 0.000456621 
;
param DaysInDayType default 1 := 
;
param AvailabilityFactor default 1 := 
[RE1,*,*]: 
2020 2021 2022 2023 2024 2025 2026 2027 2028 2029 2030 2031 2032 2033 2034 2035 2036 2037 2038 2039 2040 2041 2042 2043 2044 2045 2046 2047 2048 2049 2050 2051 2052 2053 2054 2055 2056 2057 2058 2059 2060 :=
RSA_POW_PP_COAL 0.8 0.8 0.8 0.8 0.8 0.8 0.8 0.8 0.8 0.8 0.8 0.8 0.8 0.8 0.8 0.8 0.8 0.8 0.8 0.8 0.8 0.8 0.8 0.8 0.8 0.8 0.8 0.8 0.8 0.8 0.8 0.8 0.8 0.8 0.8 0.8 0.8 0.8 0.8 0.8 0.8 
RSA_POW_PP_NU_OLD 0.95 0.95 0.95 0.95 0.95 0.95 0.95 0.95 0.95 0.95 0.95 0.95 0.95 0.95 0.95 0.95 0.95 0.95 0.95 0.95 0.95 0.95 0.95 0.95 0.95 0.95 0.95 0.95 0.95 0.95 0.95 0.95 0.95 0.95 0.95 0.95 0.95 0.95 0.95 0.95 0.95 
RSA_POW_PP_MMG 0.9 0.9 0.9 0.9 0.9 0.9 0.9 0.9 0.9 0.9 0.9 0.9 0.9 0.9 0.9 0.9 0.9 0.9 0.9 0.9 0.9 0.9 0.9 0.9 0.9 0.9 0.9 0.9 0.9 0.9 0.9 0.9 0.9 0.9 0.9 0.9 0.9 0.9 0.9 0.9 0.9 
RSA_POW_PP_PEAK 0.9 0.9 0.9 0.9 0.9 0.9 0.9 0.9 0.9 0.9 0.9 0.9 0.9 0.9 0.9 0.9 0.9 0.9 0.9 0.9 0.9 0.9 0.9 0.9 0.9 0.9 0.9 0.9 0.9 0.9 0.9 0.9 0.9 0.9 0.9 0.9 0.9 0.9 0.9 0.9 0.9 
RSA_FUEL_PRO_BIOM 0.8 0.8 0.8 0.8 0.8 0.8 0.8 0.8 0.8 0.8 0.8 0.8 0.8 0.8 0.8 0.8 0.8 0.8 0.8 0.8 0.8 0.8 0.8 0.8 0.8 0.8 0.8 0.8 0.8 0.8 0.8 0.8 0.8 0.8 0.8 0.8 0.8 0.8 0.8 0.8 0.8 
RSA_POW_PP_NU 0.95 0.95 0.95 0.95 0.95 0.95 0.95 0.95 0.95 0.95 0.95 0.95 0.95 0.95 0.95 0.95 0.95 0.95 0.95 0.95 0.95 0.95 0.95 0.95 0.95 0.95 0.95 0.95 0.95 0.95 0.95 0.95 0.95 0.95 0.95 0.95 0.95 0.95 0.95 0.95 0.95 
RSA_POW_PP_NU_SMR 0.95 0.95 0.95 0.95 0.95 0.95 0.95 0.95 0.95 0.95 0.95 0.95 0.95 0.95 0.95 0.95 0.95 0.95 0.95 0.95 0.95 0.95 0.95 0.95 0.95 0.95 0.95 0.95 0.95 0.95 0.95 0.95 0.95 0.95 0.95 0.95 0.95 0.95 0.95 0.95 0.95 
;
param CapitalCost default 0 := 
[RE1,*,*]: 
2020 2021 2022 2023 2024 2025 2026 2027 2028 2029 2030 2031 2032 2033 2034 2035 2036 2037 2038 2039 2040 2041 2042 2043 2044 2045 2046 2047 2048 2049 2050 2051 2052 2053 2054 2055 2056 2057 2058 2059 2060 :=
RSA_POW_TD 7434 7434 7434 7434 7434 7434 7434 7434 7434 7434 7434 7434 7434 7434 7434 7434 7434 7434 7434 7434 7434 7434 7434 7434 7434 7434 7434 7434 7434 7434 7434 7434 7434 7434 7434 7434 7434 7434 7434 7434 7434 
RSA_POW_PP_COAL 58023 58023 58023 58023 58023 58023 58023 58023 58023 58023 58023 58023 58023 58023 58023 58023 58023 58023 58023 58023 58023 58023 58023 58023 58023 58023 58023 58023 58023 58023 58023 58023 58023 58023 58023 58023 58023 58023 58023 58023 58023 
RSA_POW_PP_NU_OLD 93964 93764.4 93564.8 93365.2 93165.6 92966 92766.4 92566.8 92367.2 92167.6 91968 91968 91968 91968 91968 91968 91968 91968 91968 91968 91968 91968 91968 91968 91968 91968 91968 91968 91968 91968 91968 91968 91968 91968 91968 91968 91968 91968 91968 91968 91968 
RSA_POW_PP_MMG 12199 12199 12199 12199 12199 12199 12199 12199 12199 12199 12199 12199 12199 12199 12199 12199 12199 12199 12199 12199 12199 12199 12199 12199 12199 12199 12199 12199 12199 12199 12199 12199 12199 12199 12199 12199 12199 12199 12199 12199 12199 
RSA_POW_PP_PEAK 10754 10754 10754 10754 10754 10754 10754 10754 10754 10754 10754 10754 10754 10754 10754 10754 10754 10754 10754 10754 10754 10754 10754 10754 10754 10754 10754 10754 10754 10754 10754 10754 10754 10754 10754 10754 10754 10754 10754 10754 10754 
RSA_POW_PP_BIOM 68527 68527 68527 68527 68527 68527 68527 68527 68527 68527 68527 68527 68527 68527 68527 68527 68527 68527 68527 68527 68527 68527 68527 68527 68527 68527 68527 68527 68527 68527 68527 68527 68527 68527 68527 68527 68527 68527 68527 68527 68527 
RSA_POW_PP_HYDR 74340 74340 74340 74340 74340 74340 74340 74340 74340 74340 74340 74340 74340 74340 74340 74340 74340 74340 74340 74340 74340 74340 74340 74340 74340 74340 74340 74340 74340 74340 74340 74340 74340 74340 74340 74340 74340 74340 74340 74340 74340 
RSA_POW_PP_CSP 156976 156290.4 155604.8 154919.2 154233.6 153548 153548 153548 153548 153548 153548 153548 153548 153548 153548 153548 153548 153548 153548 153548 153548 153548 153548 153548 153548 153548 153548 153548 153548 153548 153548 153548 153548 153548 153548 153548 153548 153548 153548 153548 153548 
RSA_POW_PP_PV_UT 24858.0 23905.0 22951.0 21998.0 21045.0 20092.0 19139.0 18185.0 17232.0 16279.0 15326.0 15073.0 14821.0 14569.0 14317.0 14064.0 13812.0 13560.0 13307.0 13055.0 12803.0 12550.0 12298.0 12046.0 11793.0 11541.0 11289.0 11036.0 10784.0 10532.0 10280.0 10027.0 9775.0 9523.0 9270.0 9018.0 8766.0 8513.0 8261.0 8009.0 7756.0
RSA_POW_PP_PV_DIST 34203.0 32876.0 31549.0 30222.0 28895.0 27568.0 26241.0 24914.0 23587.0 22260.0 20933.0 20587.0 20241.0 19896.0 19550.0 19204.0 18858.0 18512.0 18167.0 17821.0 17475.0 17129.0 16784.0 16438.0 16092.0 15746.0 15401.0 15055.0 14709.0 14363.0 14018.0 13672.0 13326.0 12980.0 12634.0 12289.0 11943.0 11597.0 11251.0 10906.0 10560.0
RSA_POW_ELEC 999999 999999 999999 999999 999999 999999 999999 999999 999999 999999 999999 999999 999999 999999 999999 999999 999999 999999 999999 999999 999999 999999 999999 999999 999999 999999 999999 999999 999999 999999 999999 999999 999999 999999 999999 999999 999999 999999 999999 999999 999999 
RSA_POW_STO_BAT_OUT 20789.0 20249.0 19710.0 19170.0 18630.0 18091.0 17551.0 17011.0 16472.0 15932.0 15392.0 15200.0 15008.0 14816.0 14625.0 14433.0 14241.0 14049.0 13857.0 13665.0 13473.0 13281.0 13089.0 12897.0 12705.0 12513.0 12321.0 12129.0 11938.0 11746.0 11554.0 11362.0 11170.0 10978.0 10786.0 10594.0 10402.0 10210.0 10018.0 9826.0 9634.0
RSA_POW_STO_PHY_OUT 313500 313500 313500 313500 313500 313500 313500 313500 313500 313500 313500 313500 313500 313500 313500 313500 313500 313500 313500 313500 313500 313500 313500 313500 313500 313500 313500 313500 313500 313500 313500 313500 313500 313500 313500 313500 313500 313500 313500 313500 313500 
RSA_POW_PP_NU 181735 181135.688 180536.376 179937.064 179337.752 178738.44 178139.128 177539.816 176940.504 176341.192 175741.88 174734.5855 173727.291 172719.9965 171712.702 170705.4075 169698.113 168690.8185 167683.524 166676.2295 165668.935 164661.6405 163654.346 162647.0515 161639.757 160632.4625 159625.168 158617.8735 157610.579 156603.2845 155595.99 154588.6955 153581.401 152574.1065 151566.812 150559.5175 149552.223 148544.9285 147537.634 146530.3395 145523.045 
RSA_POW_PP_NU_SMR 275804 269675 263546 257417 251288 245159 239030 232901 226772 220643 214514 208385 202256 196127 189998 183869 177740 171611 165482 159353 153224 147095 140966 134838 128709 122580 116451 110322 104193 98064 91935 91935 91935 91935 91935 91935 91935 91935 91935 91935 91935 
RSA_POW_PP_WIND 30838.0 30670.0 30502.0 30334.0 30166.0 29997.0 29829.0 29661.0 29493.0 29325.0 29156.0 29072.0 28988.0 28904.0 28820.0 28736.0 28652.0 28568.0 28484.0 28399.0 28315.0 28231.0 28147.0 28063.0 27979.0 27895.0 27811.0 27727.0 27643.0 27558.0 27474.0 27390.0 27306.0 27222.0 27138.0 27054.0 26970.0 26886.0 26801.0 26717.0 26633.0
;
param FixedCost default 0 := 
[RE1,*,*]: 
2020 2021 2022 2023 2024 2025 2026 2027 2028 2029 2030 2031 2032 2033 2034 2035 2036 2037 2038 2039 2040 2041 2042 2043 2044 2045 2046 2047 2048 2049 2050 2051 2052 2053 2054 2055 2056 2057 2058 2059 2060 :=
RSA_POW_PP_COAL 762 762 762 762 762 762 762 762 762 762 762 762 762 762 762 762 762 762 762 762 762 762 762 762 762 762 762 762 762 762 762 762 762 762 762 762 762 762 762 762 762 
RSA_POW_PP_NU_OLD 1187 1187 1187 1187 1187 1187 1187 1187 1187 1187 1187 1187 1187 1187 1187 1187 1187 1187 1187 1187 1187 1187 1187 1187 1187 1187 1187 1187 1187 1187 1187 1187 1187 1187 1187 1187 1187 1187 1187 1187 1187 
RSA_POW_PP_MMG 203 203 203 203 203 203 203 203 203 203 203 203 203 203 203 203 203 203 203 203 203 203 203 203 203 203 203 203 203 203 203 203 203 203 203 203 203 203 203 203 203 
RSA_POW_PP_PEAK 196 196 196 196 196 196 196 196 196 196 196 196 196 196 196 196 196 196 196 196 196 196 196 196 196 196 196 196 196 196 196 196 196 196 196 196 196 196 196 196 196 
RSA_POW_PP_BIOM 2028 2028 2028 2028 2028 2028 2028 2028 2028 2028 2028 2028 2028 2028 2028 2028 2028 2028 2028 2028 2028 2028 2028 2028 2028 2028 2028 2028 2028 2028 2028 2028 2028 2028 2028 2028 2028 2028 2028 2028 2028 
RSA_POW_PP_HYDR 484 484 484 484 484 484 484 484 484 484 484 484 484 484 484 484 484 484 484 484 484 484 484 484 484 484 484 484 484 484 484 484 484 484 484 484 484 484 484 484 484 
RSA_POW_PP_CSP 1320 1320 1320 1320 1320 1320 1320 1320 1320 1320 1320 1320 1320 1320 1320 1320 1320 1320 1320 1320 1320 1320 1320 1320 1320 1320 1320 1320 1320 1320 1320 1320 1320 1320 1320 1320 1320 1320 1320 1320 1320 
RSA_POW_PP_PV_UT 328 328 328 328 328 328 328 328 328 328 328 328 328 328 328 328 328 328 328 328 328 328 328 328 328 328 328 328 328 328 328 328 328 328 328 328 328 328 328 328 328 
RSA_POW_PP_PV_DIST 328 328 328 328 328 328 328 328 328 328 328 328 328 328 328 328 328 328 328 328 328 328 328 328 328 328 328 328 328 328 328 328 328 328 328 328 328 328 328 328 328 
RSA_POW_ELEC 999999 999999 999999 999999 999999 999999 999999 999999 999999 999999 999999 999999 999999 999999 999999 999999 999999 999999 999999 999999 999999 999999 999999 999999 999999 999999 999999 999999 999999 999999 999999 999999 999999 999999 999999 999999 999999 999999 999999 999999 999999 
RSA_POW_PP_NU 1187 1187 1187 1187 1187 1187 1187 1187 1187 1187 1187 1187 1187 1187 1187 1187 1187 1187 1187 1187 1187 1187 1187 1187 1187 1187 1187 1187 1187 1187 1187 1187 1187 1187 1187 1187 1187 1187 1187 1187 1187 
RSA_POW_PP_NU_SMR 1187 1187 1187 1187 1187 1187 1187 1187 1187 1187 1187 1187 1187 1187 1187 1187 1187 1187 1187 1187 1187 1187 1187 1187 1187 1187 1187 1187 1187 1187 1187 1187 1187 1187 1187 1187 1187 1187 1187 1187 1187 
RSA_POW_PP_WIND 742 742 742 742 742 742 742 742 742 742 742 742 742 742 742 742 742 742 742 742 742 742 742 742 742 742 742 742 742 742 742 742 742 742 742 742 742 742 742 742 742 
;
param ResidualCapacity default 0 := 
[RE1,*,*]: 
2020 2021 2022 2023 2024 2025 2026 2027 2028 2029 2030 2031 2032 2033 2034 2035 2036 2037 2038 2039 2040 2041 2042 2043 2044 2045 2046 2047 2048 2049 2050 2051 2052 2053 2054 2055 2056 2057 2058 2059 2060 :=
RSA_POW_TD 31.7 30.3 29 27.7 26.4 25 23.7 22.5 21.1 19.8 18.5 17.2 15.8 14.5 13.2 11.9 10.6 9.2 7.9 6.6 5.3 3.9 2.6 1.3 0 0 0 0 0 0 0 0 0 0 0 0 0 0 0 0 0 
RSA_POW_PP_COAL 40 39 39 39 38 37.8 36.5 36 36 35 32.3 30.88 29.46 28.04 26.62 25.2 23.78 22.36 20.94 19.52 18.1 17.28 16.46 15.64 14.82 14 13.18 12.36 11.54 10.72 9.9 8.1 7.3 5.5 4.7 2.9 1.1 0 0 0 0 
RSA_POW_PP_NU_OLD 2 2 2 2 2 2 2 2 2 2 2 2 2 2 2 2 2 2 2 2 2 2 2 2 2 2 1 0 0 0 0 0 0 0 0 0 0 0 0 0 0 
RSA_POW_PP_MMG 0.2 0.2 0.2 0.2 0.2 0.2 0.2 0.2 0.2 0.2 0.2 0.2 0.2 0.2 0.2 0.2 0.2 0.2 0.2 0.2 0.2 0.2 0.2 0.2 0.2 0.2 0.2 0.2 0.2 0.2 0.2 0 0 0 0 0 0 0 0 0 0 
RSA_POW_PP_PEAK 3.4 3.4 3.4 3.4 3.4 3.4 3.4 3.4 3.4 3.4 3.4 3.4 3.4 3.4 3.4 3.4 3.4 2 2 1 1 1 1 1 1 1 0 0 0 0 0 0 0 0 0 0 0 0 0 0 0 
RSA_POW_PP_BIOM 0.3 0.3 0.3 0.3 0.3 0.3 0.3 0.3 0.3 0.3 0.3 0.3 0.3 0.3 0.3 0.3 0.3 0.3 0.3 0.3 0.3 0.3 0.3 0.3 0.3 0.3 0.3 0.3 0 0 0 0 0 0 0 0 0 0 0 0 0 
RSA_POW_PP_HYDR 5.1 5.1 5.1 5.1 5.1 5.1 5.1 5.1 5.1 5.1 5.1 5.1 5.1 5.1 5.1 5.1 5.1 5.1 5.1 5.1 5.1 5.1 5.1 5.1 5.1 5.1 5.1 5.1 5.1 5.1 5.1 5.1 5.1 5.1 5.1 5.1 5.1 5.1 5.1 5.1 5.1 
RSA_POW_PP_CSP 0.3 0.3 0.3 0.3 0.3 0.3 0.3 0.3 0.3 0.3 0.3 0.3 0.3 0.3 0.3 0.3 0.3 0.3 0.3 0.3 0.3 0.3 0.3 0.3 0.3 0.3 0.3 0.3 0.3 0 0 0 0 0 0 0 0 0 0 0 0 
RSA_POW_PP_PV_UT 1.5 1.5 1.5 1.5 1.5 1.5 1.5 1.5 1.5 1.5 1.5 1.5 1.5 1.5 1.5 1.5 1.5 1.5 1.5 1.5 1.5 1.5 1.5 1.5 1.5 1.5 1.5 1.5 0 0 0 0 0 0 0 0 0 0 0 0 0 
RSA_POW_PP_WIND 2.1 2.1 2.1 2.1 2.1 2.1 2.1 2.1 2.1 2.1 2.1 2.1 2.1 2.1 2.1 2.1 2.1 2.1 2.1 2.1 2.1 0 0 0 0 0 0 0 0 0 0 0 0 0 0 0 0 0 0 0 0 
;
param TotalAnnualMaxCapacity default 999999 := 
[RE1,*,*]: 
2020 2021 2022 2023 2024 2025 2026 2027 2028 2029 2030 2031 2032 2033 2034 2035 2036 2037 2038 2039 2040 2041 2042 2043 2044 2045 2046 2047 2048 2049 2050 2051 2052 2053 2054 2055 2056 2057 2058 2059 2060 :=
RSA_POW_PP_HYDR 5.11 5.11 5.11 5.11 5.11 5.11 5.11 5.11 5.11 5.11 5.11 5.11 5.11 5.11 5.11 5.11 5.11 5.11 5.11 5.11 5.11 5.11 5.11 5.11 5.11 5.11 5.11 5.11 5.11 5.11 5.11 5.11 5.11 5.11 5.11 5.11 5.11 5.11 5.11 5.11 5.11 
;
param TotalAnnualMaxCapacityInvestment default 999999 := 
[RE1,*,*]: 
2020 2021 2022 2023 2024 2025 2026 2027 2028 2029 2030 2031 2032 2033 2034 2035 2036 2037 2038 2039 2040 2041 2042 2043 2044 2045 2046 2047 2048 2049 2050 2051 2052 2053 2054 2055 2056 2057 2058 2059 2060 :=
RSA_POW_PP_COAL 0 2 2 2 2 2 2 2 2 2 2 2 2 2 2 2 2 2 2 2 2 2 2 2 2 2 2 2 2 2 2 2 2 2 2 2 2 2 2 2 2 
RSA_POW_PP_NU_OLD 0 0 0 0 0 0 0 0 0 0 0 0 0 0 0 0 0 0 0 0 0 0 0 0 0 0 0 0 0 0 0 0 0 0 0 0 0 0 0 0 0 
RSA_POW_PP_MMG 0 2 2 2 2 2 2 2 2 2 2 2 2 2 2 2 2 2 2 2 2 2 2 2 2 2 2 2 2 2 2 2 2 2 2 2 2 2 2 2 2 
RSA_POW_PP_PEAK 0 2 2 2 2 2 2 2 2 2 2 2 2 2 2 2 2 2 2 2 2 2 2 2 2 2 2 2 2 2 2 2 2 2 2 2 2 2 2 2 2 
RSA_POW_PP_BIOM 0 0 0 0 0 0 0 0 0 0 0 0 0 0 0 0 0 0 0 0 0 0 0 0 0 0 0 0 0 0 0 0 0 0 0 0 0 0 0 0 0 
RSA_POW_PP_HYDR 0 2 2 2 2 2 2 2 2 2 2 2 2 2 2 2 2 2 2 2 2 2 2 2 2 2 2 2 2 2 2 2 2 2 2 2 2 2 2 2 2 
RSA_POW_PP_CSP 0 5 5 5 5 5 5 5 5 5 5 5 5 5 5 5 5 5 5 5 5 5 5 5 5 5 5 5 5 5 5 5 5 5 5 5 5 5 5 5 5 
RSA_POW_PP_PV_UT 0 5 5 5 5 5 5 5 5 5 5 5 5 5 5 5 5 5 5 5 5 5 5 5 5 5 5 5 5 5 5 5 5 5 5 5 5 5 5 5 5 
RSA_POW_PP_PV_DIST 0 5 5 5 5 5 5 5 5 5 5 5 5 5 5 5 5 5 5 5 5 5 5 5 5 5 5 5 5 5 5 5 5 5 5 5 5 5 5 5 5 
RSA_POW_PP_NU 0 0 0 0 0 0 0 0 0 0 0 0 0 0 0 0 0 0 0 0 0 0 0 0 0 0 0 0 0 0 0 0 0 0 0 0 0 0 0 0 0 
RSA_POW_PP_NU_SMR 0 0 0 0 0 0 0 0 0 2 2 2 2 2 2 2 2 2 2 2 2 2 2 2 2 2 2 2 2 2 2 2 2 2 2 2 2 2 2 2 2 
RSA_POW_PP_WIND 0 5 5 5 5 5 5 5 5 5 5 5 5 5 5 5 5 5 5 5 5 5 5 5 5 5 5 5 5 5 5 5 5 5 5 5 5 5 5 5 5 
;
param TotalAnnualMinCapacity default 0 := 
;
param TotalAnnualMinCapacityInvestment default 0 := 
;
param TotalTechnologyAnnualActivityLowerLimit default 0 := 
;
param TotalTechnologyAnnualActivityUpperLimit default 999999 := 
[RE1,*,*]: 
2020 2021 2022 2023 2024 2025 2026 2027 2028 2029 2030 2031 2032 2033 2034 2035 2036 2037 2038 2039 2040 2041 2042 2043 2044 2045 2046 2047 2048 2049 2050 2051 2052 2053 2054 2055 2056 2057 2058 2059 2060 :=
RSA_POW_INT 0 0 0 0 0 0 0 0 0 0 0 0 0 0 0 0 0 0 0 0 0 0 0 0 0 0 0 0 0 0 0 0 0 0 0 0 0 0 0 0 0 
;
param CapacityOfOneTechnologyUnit default 0 := 
;
param VariableCost default 0.0001 := 
[RE1,RSA_POW_TD,*,*]: 
2020 2021 2022 2023 2024 2025 2026 2027 2028 2029 2030 2031 2032 2033 2034 2035 2036 2037 2038 2039 2040 2041 2042 2043 2044 2045 2046 2047 2048 2049 2050 2051 2052 2053 2054 2055 2056 2057 2058 2059 2060 :=
1 0 0 0 0 0 0 0 0 0 0 0 0 0 0 0 0 0 0 0 0 0 0 0 0 0 0 0 0 0 0 0 0 0 0 0 0 0 0 0 0 0 
2 0 0 0 0 0 0 0 0 0 0 0 0 0 0 0 0 0 0 0 0 0 0 0 0 0 0 0 0 0 0 0 0 0 0 0 0 0 0 0 0 0 
[RE1,RSA_FUEL_PRO_COAL,*,*]: 
2020 2021 2022 2023 2024 2025 2026 2027 2028 2029 2030 2031 2032 2033 2034 2035 2036 2037 2038 2039 2040 2041 2042 2043 2044 2045 2046 2047 2048 2049 2050 2051 2052 2053 2054 2055 2056 2057 2058 2059 2060 :=
1 17 17 17 17 17 17 17 17 17 17 17 17 17 17 17 17 17 17 17 17 17 17 17 17 17 17 17 17 17 17 17 17 17 17 17 17 17 17 17 17 17 
2 6.8 6.8 6.8 6.8 6.8 6.8 6.8 6.8 6.8 6.8 6.8 6.8 6.8 6.8 6.8 6.8 6.8 6.8 6.8 6.8 6.8 6.8 6.8 6.8 6.8 6.8 6.8 6.8 6.8 6.8 6.8 6.8 6.8 6.8 6.8 6.8 6.8 6.8 6.8 6.8 6.8 
[RE1,RSA_POW_PP_COAL,*,*]: 
2020 2021 2022 2023 2024 2025 2026 2027 2028 2029 2030 2031 2032 2033 2034 2035 2036 2037 2038 2039 2040 2041 2042 2043 2044 2045 2046 2047 2048 2049 2050 2051 2052 2053 2054 2055 2056 2057 2058 2059 2060 :=
1 58.9 58.9 58.9 58.9 58.9 58.9 58.9 58.9 58.9 58.9 58.9 58.9 58.9 58.9 58.9 58.9 58.9 58.9 58.9 58.9 58.9 58.9 58.9 58.9 58.9 58.9 58.9 58.9 58.9 58.9 58.9 58.9 58.9 58.9 58.9 58.9 58.9 58.9 58.9 58.9 58.9 
2 23.56 23.56 23.56 23.56 23.56 23.56 23.56 23.56 23.56 23.56 23.56 23.56 23.56 23.56 23.56 23.56 23.56 23.56 23.56 23.56 23.56 23.56 23.56 23.56 23.56 23.56 23.56 23.56 23.56 23.56 23.56 23.56 23.56 23.56 23.56 23.56 23.56 23.56 23.56 23.56 23.56 
[RE1,RSA_POW_INT,*,*]: 
2020 2021 2022 2023 2024 2025 2026 2027 2028 2029 2030 2031 2032 2033 2034 2035 2036 2037 2038 2039 2040 2041 2042 2043 2044 2045 2046 2047 2048 2049 2050 2051 2052 2053 2054 2055 2056 2057 2058 2059 2060 :=
1 -200 -200 -200 -200 -200 -200 -200 -200 -200 -200 -200 -200 -200 -200 -200 -200 -200 -200 -200 -200 -200 -200 -200 -200 -200 -200 -200 -200 -200 -200 -200 -200 -200 -200 -200 -200 -200 -200 -200 -200 -200 
2 -200 -200 -200 -200 -200 -200 -200 -200 -200 -200 -200 -200 -200 -200 -200 -200 -200 -200 -200 -200 -200 -200 -200 -200 -200 -200 -200 -200 -200 -200 -200 -200 -200 -200 -200 -200 -200 -200 -200 -200 -200 
[RE1,RSA_POW_PP_NU_OLD,*,*]: 
2020 2021 2022 2023 2024 2025 2026 2027 2028 2029 2030 2031 2032 2033 2034 2035 2036 2037 2038 2039 2040 2041 2042 2043 2044 2045 2046 2047 2048 2049 2050 2051 2052 2053 2054 2055 2056 2057 2058 2059 2060 :=
1 12.5 12.5 12.5 12.5 12.5 12.5 12.5 12.5 12.5 12.5 12.5 12.5 12.5 12.5 12.5 12.5 12.5 12.5 12.5 12.5 12.5 12.5 12.5 12.5 12.5 12.5 12.5 12.5 12.5 12.5 12.5 12.5 12.5 12.5 12.5 12.5 12.5 12.5 12.5 12.5 12.5 
2 5 5 5 5 5 5 5 5 5 5 5 5 5 5 5 5 5 5 5 5 5 5 5 5 5 5 5 5 5 5 5 5 5 5 5 5 5 5 5 5 5 
[RE1,RSA_FUEL_PRO_URNM,*,*]: 
2020 2021 2022 2023 2024 2025 2026 2027 2028 2029 2030 2031 2032 2033 2034 2035 2036 2037 2038 2039 2040 2041 2042 2043 2044 2045 2046 2047 2048 2049 2050 2051 2052 2053 2054 2055 2056 2057 2058 2059 2060 :=
1 10 10 10 10 10 10 10 10 10 10 10 10 10 10 10 10 10 10 10 10 10 10 10 10 10 10 10 10 10 10 10 10 10 10 10 10 10 10 10 10 10 
2 4 4 4 4 4 4 4 4 4 4 4 4 4 4 4 4 4 4 4 4 4 4 4 4 4 4 4 4 4 4 4 4 4 4 4 4 4 4 4 4 4 
[RE1,RSA_POW_PP_MMG,*,*]: 
2020 2021 2022 2023 2024 2025 2026 2027 2028 2029 2030 2031 2032 2033 2034 2035 2036 2037 2038 2039 2040 2041 2042 2043 2044 2045 2046 2047 2048 2049 2050 2051 2052 2053 2054 2055 2056 2057 2058 2059 2060 :=
1 7.5 7.5 7.5 7.5 7.5 7.5 7.5 7.5 7.5 7.5 7.5 7.5 7.5 7.5 7.5 7.5 7.5 7.5 7.5 7.5 7.5 7.5 7.5 7.5 7.5 7.5 7.5 7.5 7.5 7.5 7.5 7.5 7.5 7.5 7.5 7.5 7.5 7.5 7.5 7.5 7.5 
2 3 3 3 3 3 3 3 3 3 3 3 3 3 3 3 3 3 3 3 3 3 3 3 3 3 3 3 3 3 3 3 3 3 3 3 3 3 3 3 3 3 
[RE1,RSA_POW_PP_PEAK,*,*]: 
2020 2021 2022 2023 2024 2025 2026 2027 2028 2029 2030 2031 2032 2033 2034 2035 2036 2037 2038 2039 2040 2041 2042 2043 2044 2045 2046 2047 2048 2049 2050 2051 2052 2053 2054 2055 2056 2057 2058 2059 2060 :=
1 0.8 0.8 0.8 0.8 0.8 0.8 0.8 0.8 0.8 0.8 0.8 0.8 0.8 0.8 0.8 0.8 0.8 0.8 0.8 0.8 0.8 0.8 0.8 0.8 0.8 0.8 0.8 0.8 0.8 0.8 0.8 0.8 0.8 0.8 0.8 0.8 0.8 0.8 0.8 0.8 0.8 
2 0.32 0.32 0.32 0.32 0.32 0.32 0.32 0.32 0.32 0.32 0.32 0.32 0.32 0.32 0.32 0.32 0.32 0.32 0.32 0.32 0.32 0.32 0.32 0.32 0.32 0.32 0.32 0.32 0.32 0.32 0.32 0.32 0.32 0.32 0.32 0.32 0.32 0.32 0.32 0.32 0.32 
[RE1,RSA_POW_PP_BIOM,*,*]: 
2020 2021 2022 2023 2024 2025 2026 2027 2028 2029 2030 2031 2032 2033 2034 2035 2036 2037 2038 2039 2040 2041 2042 2043 2044 2045 2046 2047 2048 2049 2050 2051 2052 2053 2054 2055 2056 2057 2058 2059 2060 :=
1 22.5 22.5 22.5 22.5 22.5 22.5 22.5 22.5 22.5 22.5 22.5 22.5 22.5 22.5 22.5 22.5 22.5 22.5 22.5 22.5 22.5 22.5 22.5 22.5 22.5 22.5 22.5 22.5 22.5 22.5 22.5 22.5 22.5 22.5 22.5 22.5 22.5 22.5 22.5 22.5 22.5 
2 9 9 9 9 9 9 9 9 9 9 9 9 9 9 9 9 9 9 9 9 9 9 9 9 9 9 9 9 9 9 9 9 9 9 9 9 9 9 9 9 9 
[RE1,RSA_POW_PP_HYDR,*,*]: 
2020 2021 2022 2023 2024 2025 2026 2027 2028 2029 2030 2031 2032 2033 2034 2035 2036 2037 2038 2039 2040 2041 2042 2043 2044 2045 2046 2047 2048 2049 2050 2051 2052 2053 2054 2055 2056 2057 2058 2059 2060 :=
1 0 0 0 0 0 0 0 0 0 0 0 0 0 0 0 0 0 0 0 0 0 0 0 0 0 0 0 0 0 0 0 0 0 0 0 0 0 0 0 0 0 
2 0 0 0 0 0 0 0 0 0 0 0 0 0 0 0 0 0 0 0 0 0 0 0 0 0 0 0 0 0 0 0 0 0 0 0 0 0 0 0 0 0 
[RE1,RSA_POW_PP_CSP,*,*]: 
2020 2021 2022 2023 2024 2025 2026 2027 2028 2029 2030 2031 2032 2033 2034 2035 2036 2037 2038 2039 2040 2041 2042 2043 2044 2045 2046 2047 2048 2049 2050 2051 2052 2053 2054 2055 2056 2057 2058 2059 2060 :=
1 0.3 0.3 0.3 0.3 0.3 0.3 0.3 0.3 0.3 0.3 0.3 0.3 0.3 0.3 0.3 0.3 0.3 0.3 0.3 0.3 0.3 0.3 0.3 0.3 0.3 0.3 0.3 0.3 0.3 0.3 0.3 0.3 0.3 0.3 0.3 0.3 0.3 0.3 0.3 0.3 0.3 
2 0.3 0.3 0.3 0.3 0.3 0.3 0.3 0.3 0.3 0.3 0.3 0.3 0.3 0.3 0.3 0.3 0.3 0.3 0.3 0.3 0.3 0.3 0.3 0.3 0.3 0.3 0.3 0.3 0.3 0.3 0.3 0.3 0.3 0.3 0.3 0.3 0.3 0.3 0.3 0.3 0.3 
[RE1,RSA_FUEL_PRO_NG,*,*]: 
2020 2021 2022 2023 2024 2025 2026 2027 2028 2029 2030 2031 2032 2033 2034 2035 2036 2037 2038 2039 2040 2041 2042 2043 2044 2045 2046 2047 2048 2049 2050 2051 2052 2053 2054 2055 2056 2057 2058 2059 2060 :=
1 150 150 150 150 150 150 150 150 150 150 150 150 150 150 150 150 150 150 150 150 150 150 150 150 150 150 150 150 150 150 150 150 150 150 150 150 150 150 150 150 150 
2 60 60 60 60 60 60 60 60 60 60 60 60 60 60 60 60 60 60 60 60 60 60 60 60 60 60 60 60 60 60 60 60 60 60 60 60 60 60 60 60 60 
[RE1,RSA_FUEL_PRO_BIOM,*,*]: 
2020 2021 2022 2023 2024 2025 2026 2027 2028 2029 2030 2031 2032 2033 2034 2035 2036 2037 2038 2039 2040 2041 2042 2043 2044 2045 2046 2047 2048 2049 2050 2051 2052 2053 2054 2055 2056 2057 2058 2059 2060 :=
1 39 39 39 39 39 39 39 39 39 39 39 39 39 39 39 39 39 39 39 39 39 39 39 39 39 39 39 39 39 39 39 39 39 39 39 39 39 39 39 39 39 
2 15.6 15.6 15.6 15.6 15.6 15.6 15.6 15.6 15.6 15.6 15.6 15.6 15.6 15.6 15.6 15.6 15.6 15.6 15.6 15.6 15.6 15.6 15.6 15.6 15.6 15.6 15.6 15.6 15.6 15.6 15.6 15.6 15.6 15.6 15.6 15.6 15.6 15.6 15.6 15.6 15.6 
[RE1,RSA_FUEL_PRO_DSL,*,*]: 
2020 2021 2022 2023 2024 2025 2026 2027 2028 2029 2030 2031 2032 2033 2034 2035 2036 2037 2038 2039 2040 2041 2042 2043 2044 2045 2046 2047 2048 2049 2050 2051 2052 2053 2054 2055 2056 2057 2058 2059 2060 :=
1 278 278 278 278 278 278 278 278 278 278 278 278 278 278 278 278 278 278 278 278 278 278 278 278 278 278 278 278 278 278 278 278 278 278 278 278 278 278 278 278 278 
2 111.2 111.2 111.2 111.2 111.2 111.2 111.2 111.2 111.2 111.2 111.2 111.2 111.2 111.2 111.2 111.2 111.2 111.2 111.2 111.2 111.2 111.2 111.2 111.2 111.2 111.2 111.2 111.2 111.2 111.2 111.2 111.2 111.2 111.2 111.2 111.2 111.2 111.2 111.2 111.2 111.2 
[RE1,RSA_POW_PP_BST,*,*]: 
2020 2021 2022 2023 2024 2025 2026 2027 2028 2029 2030 2031 2032 2033 2034 2035 2036 2037 2038 2039 2040 2041 2042 2043 2044 2045 2046 2047 2048 2049 2050 2051 2052 2053 2054 2055 2056 2057 2058 2059 2060 :=
1 999999 999999 999999 999999 999999 999999 999999 999999 999999 999999 999999 999999 999999 999999 999999 999999 999999 999999 999999 999999 999999 999999 999999 999999 999999 999999 999999 999999 999999 999999 999999 999999 999999 999999 999999 999999 999999 999999 999999 999999 999999 
2 999999 999999 999999 999999 999999 999999 999999 999999 999999 999999 999999 999999 999999 999999 999999 999999 999999 999999 999999 999999 999999 999999 999999 999999 999999 999999 999999 999999 999999 999999 999999 999999 999999 999999 999999 999999 999999 999999 999999 999999 999999 
[RE1,RSA_POW_PP_NU,*,*]: 
2020 2021 2022 2023 2024 2025 2026 2027 2028 2029 2030 2031 2032 2033 2034 2035 2036 2037 2038 2039 2040 2041 2042 2043 2044 2045 2046 2047 2048 2049 2050 2051 2052 2053 2054 2055 2056 2057 2058 2059 2060 :=
1 12.5 12.5 12.5 12.5 12.5 12.5 12.5 12.5 12.5 12.5 12.5 12.5 12.5 12.5 12.5 12.5 12.5 12.5 12.5 12.5 12.5 12.5 12.5 12.5 12.5 12.5 12.5 12.5 12.5 12.5 12.5 12.5 12.5 12.5 12.5 12.5 12.5 12.5 12.5 12.5 12.5 
2 5 5 5 5 5 5 5 5 5 5 5 5 5 5 5 5 5 5 5 5 5 5 5 5 5 5 5 5 5 5 5 5 5 5 5 5 5 5 5 5 5 
[RE1,RSA_POW_PP_NU_SMR,*,*]: 
2020 2021 2022 2023 2024 2025 2026 2027 2028 2029 2030 2031 2032 2033 2034 2035 2036 2037 2038 2039 2040 2041 2042 2043 2044 2045 2046 2047 2048 2049 2050 2051 2052 2053 2054 2055 2056 2057 2058 2059 2060 :=
1 12.5 12.5 12.5 12.5 12.5 12.5 12.5 12.5 12.5 12.5 12.5 12.5 12.5 12.5 12.5 12.5 12.5 12.5 12.5 12.5 12.5 12.5 12.5 12.5 12.5 12.5 12.5 12.5 12.5 12.5 12.5 12.5 12.5 12.5 12.5 12.5 12.5 12.5 12.5 12.5 12.5 
2 5 5 5 5 5 5 5 5 5 5 5 5 5 5 5 5 5 5 5 5 5 5 5 5 5 5 5 5 5 5 5 5 5 5 5 5 5 5 5 5 5 
;
param TechnologyActivityByModeLowerLimit default 0 := 
;
param TechnologyActivityByModeUpperLimit default 99999 := 
;
param TechnologyActivityDecreaseByModeLimit default 0 := 
;
param TechnologyActivityIncreaseByModeLimit default 0 := 
;
param InputToNewCapacityRatio default 0 := 
;
param InputToTotalCapacityRatio default 0 := 
;
param InputActivityRatio default 0 := 
[RE1,RSA_POW_TD,RSA_POW_ELE,*,*]:
2020 2021 2022 2023 2024 2025 2026 2027 2028 2029 2030 2031 2032 2033 2034 2035 2036 2037 2038 2039 2040 2041 2042 2043 2044 2045 2046 2047 2048 2049 2050 2051 2052 2053 2054 2055 2056 2057 2058 2059 2060 :=
1 1 1 1 1 1 1 1 1 1 1 1 1 1 1 1 1 1 1 1 1 1 1 1 1 1 1 1 1 1 1 1 1 1 1 1 1 1 1 1 1 1 
2 1 1 1 1 1 1 1 1 1 1 1 1 1 1 1 1 1 1 1 1 1 1 1 1 1 1 1 1 1 1 1 1 1 1 1 1 1 1 1 1 1 
[RE1,RSA_POW_PP_COAL,RSA_FUEL_COAL,*,*]:
2020 2021 2022 2023 2024 2025 2026 2027 2028 2029 2030 2031 2032 2033 2034 2035 2036 2037 2038 2039 2040 2041 2042 2043 2044 2045 2046 2047 2048 2049 2050 2051 2052 2053 2054 2055 2056 2057 2058 2059 2060 :=
1 2.996 2.996 2.996 2.996 2.996 2.996 2.996 2.996 2.996 2.996 2.996 2.996 2.996 2.996 2.996 2.996 2.996 2.996 2.996 2.996 2.996 2.996 2.996 2.996 2.996 2.996 2.996 2.996 2.996 2.996 2.996 2.996 2.996 2.996 2.996 2.996 2.996 2.996 2.996 2.996 2.996 
2 2.996 2.996 2.996 2.996 2.996 2.996 2.996 2.996 2.996 2.996 2.996 2.996 2.996 2.996 2.996 2.996 2.996 2.996 2.996 2.996 2.996 2.996 2.996 2.996 2.996 2.996 2.996 2.996 2.996 2.996 2.996 2.996 2.996 2.996 2.996 2.996 2.996 2.996 2.996 2.996 2.996 
[RE1,RSA_POW_INT,RSA_POW_ELEF,*,*]:
2020 2021 2022 2023 2024 2025 2026 2027 2028 2029 2030 2031 2032 2033 2034 2035 2036 2037 2038 2039 2040 2041 2042 2043 2044 2045 2046 2047 2048 2049 2050 2051 2052 2053 2054 2055 2056 2057 2058 2059 2060 :=
1 1 1 1 1 1 1 1 1 1 1 1 1 1 1 1 1 1 1 1 1 1 1 1 1 1 1 1 1 1 1 1 1 1 1 1 1 1 1 1 1 1 
2 1 1 1 1 1 1 1 1 1 1 1 1 1 1 1 1 1 1 1 1 1 1 1 1 1 1 1 1 1 1 1 1 1 1 1 1 1 1 1 1 1 
[RE1,RSA_POW_PP_NU_OLD,RSA_FUEL_URNM,*,*]:
2020 2021 2022 2023 2024 2025 2026 2027 2028 2029 2030 2031 2032 2033 2034 2035 2036 2037 2038 2039 2040 2041 2042 2043 2044 2045 2046 2047 2048 2049 2050 2051 2052 2053 2054 2055 2056 2057 2058 2059 2060 :=
1 2.96 2.96 2.96 2.96 2.96 2.96 2.96 2.96 2.96 2.96 2.96 2.96 2.96 2.96 2.96 2.96 2.96 2.96 2.96 2.96 2.96 2.96 2.96 2.96 2.96 2.96 2.96 2.96 2.96 2.96 2.96 2.96 2.96 2.96 2.96 2.96 2.96 2.96 2.96 2.96 2.96 
2 1.184 1.184 1.184 1.184 1.184 1.184 1.184 1.184 1.184 1.184 1.184 1.184 1.184 1.184 1.184 1.184 1.184 1.184 1.184 1.184 1.184 1.184 1.184 1.184 1.184 1.184 1.184 1.184 1.184 1.184 1.184 1.184 1.184 1.184 1.184 1.184 1.184 1.184 1.184 1.184 1.184 
[RE1,RSA_POW_PP_MMG,RSA_FUEL_NG,*,*]:
2020 2021 2022 2023 2024 2025 2026 2027 2028 2029 2030 2031 2032 2033 2034 2035 2036 2037 2038 2039 2040 2041 2042 2043 2044 2045 2046 2047 2048 2049 2050 2051 2052 2053 2054 2055 2056 2057 2058 2059 2060 :=
1 2.054 2.054 2.054 2.054 2.054 2.054 2.054 2.054 2.054 2.054 2.054 2.054 2.054 2.054 2.054 2.054 2.054 2.054 2.054 2.054 2.054 2.054 2.054 2.054 2.054 2.054 2.054 2.054 2.054 2.054 2.054 2.054 2.054 2.054 2.054 2.054 2.054 2.054 2.054 2.054 2.054 
2 0.8216 0.8216 0.8216 0.8216 0.8216 0.8216 0.8216 0.8216 0.8216 0.8216 0.8216 0.8216 0.8216 0.8216 0.8216 0.8216 0.8216 0.8216 0.8216 0.8216 0.8216 0.8216 0.8216 0.8216 0.8216 0.8216 0.8216 0.8216 0.8216 0.8216 0.8216 0.8216 0.8216 0.8216 0.8216 0.8216 0.8216 0.8216 0.8216 0.8216 0.8216 
[RE1,RSA_POW_PP_PEAK,RSA_FUEL_NG,*,*]:
2020 2021 2022 2023 2024 2025 2026 2027 2028 2029 2030 2031 2032 2033 2034 2035 2036 2037 2038 2039 2040 2041 2042 2043 2044 2045 2046 2047 2048 2049 2050 2051 2052 2053 2054 2055 2056 2057 2058 2059 2060 :=
1 3.201 3.201 3.201 3.201 3.201 3.201 3.201 3.201 3.201 3.201 3.201 3.201 3.201 3.201 3.201 3.201 3.201 3.201 3.201 3.201 3.201 3.201 3.201 3.201 3.201 3.201 3.201 3.201 3.201 3.201 3.201 3.201 3.201 3.201 3.201 3.201 3.201 3.201 3.201 3.201 3.201 
2 1.2804 1.2804 1.2804 1.2804 1.2804 1.2804 1.2804 1.2804 1.2804 1.2804 1.2804 1.2804 1.2804 1.2804 1.2804 1.2804 1.2804 1.2804 1.2804 1.2804 1.2804 1.2804 1.2804 1.2804 1.2804 1.2804 1.2804 1.2804 1.2804 1.2804 1.2804 1.2804 1.2804 1.2804 1.2804 1.2804 1.2804 1.2804 1.2804 1.2804 1.2804 
[RE1,RSA_POW_PP_BIOM,RSA_FUEL_BIOM,*,*]:
2020 2021 2022 2023 2024 2025 2026 2027 2028 2029 2030 2031 2032 2033 2034 2035 2036 2037 2038 2039 2040 2041 2042 2043 2044 2045 2046 2047 2048 2049 2050 2051 2052 2053 2054 2055 2056 2057 2058 2059 2060 :=
1 3.954 3.954 3.954 3.954 3.954 3.954 3.954 3.954 3.954 3.954 3.954 3.954 3.954 3.954 3.954 3.954 3.954 3.954 3.954 3.954 3.954 3.954 3.954 3.954 3.954 3.954 3.954 3.954 3.954 3.954 3.954 3.954 3.954 3.954 3.954 3.954 3.954 3.954 3.954 3.954 3.954 
2 1.5816 1.5816 1.5816 1.5816 1.5816 1.5816 1.5816 1.5816 1.5816 1.5816 1.5816 1.5816 1.5816 1.5816 1.5816 1.5816 1.5816 1.5816 1.5816 1.5816 1.5816 1.5816 1.5816 1.5816 1.5816 1.5816 1.5816 1.5816 1.5816 1.5816 1.5816 1.5816 1.5816 1.5816 1.5816 1.5816 1.5816 1.5816 1.5816 1.5816 1.5816 
[RE1,RSA_POW_STO_BAT_IN,RSA_POW_ELE,*,*]:
2020 2021 2022 2023 2024 2025 2026 2027 2028 2029 2030 2031 2032 2033 2034 2035 2036 2037 2038 2039 2040 2041 2042 2043 2044 2045 2046 2047 2048 2049 2050 2051 2052 2053 2054 2055 2056 2057 2058 2059 2060 :=
1 1 1 1 1 1 1 1 1 1 1 1 1 1 1 1 1 1 1 1 1 1 1 1 1 1 1 1 1 1 1 1 1 1 1 1 1 1 1 1 1 1 
[RE1,RSA_POW_STO_PHY_IN,RSA_POW_ELE,*,*]:
2020 2021 2022 2023 2024 2025 2026 2027 2028 2029 2030 2031 2032 2033 2034 2035 2036 2037 2038 2039 2040 2041 2042 2043 2044 2045 2046 2047 2048 2049 2050 2051 2052 2053 2054 2055 2056 2057 2058 2059 2060 :=
1 1 1 1 1 1 1 1 1 1 1 1 1 1 1 1 1 1 1 1 1 1 1 1 1 1 1 1 1 1 1 1 1 1 1 1 1 1 1 1 1 1 
[RE1,RSA_POW_PP_NU,RSA_FUEL_URNM,*,*]:
2020 2021 2022 2023 2024 2025 2026 2027 2028 2029 2030 2031 2032 2033 2034 2035 2036 2037 2038 2039 2040 2041 2042 2043 2044 2045 2046 2047 2048 2049 2050 2051 2052 2053 2054 2055 2056 2057 2058 2059 2060 :=
1 2.96 2.96 2.96 2.96 2.96 2.96 2.96 2.96 2.96 2.96 2.96 2.96 2.96 2.96 2.96 2.96 2.96 2.96 2.96 2.96 2.96 2.96 2.96 2.96 2.96 2.96 2.96 2.96 2.96 2.96 2.96 2.96 2.96 2.96 2.96 2.96 2.96 2.96 2.96 2.96 2.96 
2 1.184 1.184 1.184 1.184 1.184 1.184 1.184 1.184 1.184 1.184 1.184 1.184 1.184 1.184 1.184 1.184 1.184 1.184 1.184 1.184 1.184 1.184 1.184 1.184 1.184 1.184 1.184 1.184 1.184 1.184 1.184 1.184 1.184 1.184 1.184 1.184 1.184 1.184 1.184 1.184 1.184 
[RE1,RSA_POW_PP_NU_SMR,RSA_FUEL_URNM,*,*]:
2020 2021 2022 2023 2024 2025 2026 2027 2028 2029 2030 2031 2032 2033 2034 2035 2036 2037 2038 2039 2040 2041 2042 2043 2044 2045 2046 2047 2048 2049 2050 2051 2052 2053 2054 2055 2056 2057 2058 2059 2060 :=
1 2.96 2.96 2.96 2.96 2.96 2.96 2.96 2.96 2.96 2.96 2.96 2.96 2.96 2.96 2.96 2.96 2.96 2.96 2.96 2.96 2.96 2.96 2.96 2.96 2.96 2.96 2.96 2.96 2.96 2.96 2.96 2.96 2.96 2.96 2.96 2.96 2.96 2.96 2.96 2.96 2.96 
2 1.184 1.184 1.184 1.184 1.184 1.184 1.184 1.184 1.184 1.184 1.184 1.184 1.184 1.184 1.184 1.184 1.184 1.184 1.184 1.184 1.184 1.184 1.184 1.184 1.184 1.184 1.184 1.184 1.184 1.184 1.184 1.184 1.184 1.184 1.184 1.184 1.184 1.184 1.184 1.184 1.184 
;
param OutputActivityRatio default 0 := 
[RE1,RSA_POW_TD,RSA_POW_ELEF,*,*]:
2020 2021 2022 2023 2024 2025 2026 2027 2028 2029 2030 2031 2032 2033 2034 2035 2036 2037 2038 2039 2040 2041 2042 2043 2044 2045 2046 2047 2048 2049 2050 2051 2052 2053 2054 2055 2056 2057 2058 2059 2060 :=
1 1 1 1 1 1 1 1 1 1 1 1 1 1 1 1 1 1 1 1 1 1 1 1 1 1 1 1 1 1 1 1 1 1 1 1 1 1 1 1 1 1 
2 1 1 1 1 1 1 1 1 1 1 1 1 1 1 1 1 1 1 1 1 1 1 1 1 1 1 1 1 1 1 1 1 1 1 1 1 1 1 1 1 1 
[RE1,RSA_FUEL_PRO_COAL,RSA_FUEL_COAL,*,*]:
2020 2021 2022 2023 2024 2025 2026 2027 2028 2029 2030 2031 2032 2033 2034 2035 2036 2037 2038 2039 2040 2041 2042 2043 2044 2045 2046 2047 2048 2049 2050 2051 2052 2053 2054 2055 2056 2057 2058 2059 2060 :=
1 1 1 1 1 1 1 1 1 1 1 1 1 1 1 1 1 1 1 1 1 1 1 1 1 1 1 1 1 1 1 1 1 1 1 1 1 1 1 1 1 1 
2 0 0 0 0 0 0 0 0 0 0 0 0 0 0 0 0 0 0 0 0 0 0 0 0 0 0 0 0 0 0 0 0 0 0 0 0 0 0 0 0 0 
[RE1,RSA_POW_PP_COAL,SPNRSV,*,*]:
2020 2021 2022 2023 2024 2025 2026 2027 2028 2029 2030 2031 2032 2033 2034 2035 2036 2037 2038 2039 2040 2041 2042 2043 2044 2045 2046 2047 2048 2049 2050 2051 2052 2053 2054 2055 2056 2057 2058 2059 2060 :=
2 0.6 0.6 0.6 0.6 0.6 0.6 0.6 0.6 0.6 0.6 0.6 0.6 0.6 0.6 0.6 0.6 0.6 0.6 0.6 0.6 0.6 0.6 0.6 0.6 0.6 0.6 0.6 0.6 0.6 0.6 0.6 0.6 0.6 0.6 0.6 0.6 0.6 0.6 0.6 0.6 0.6 
[RE1,RSA_POW_PP_COAL,RSA_POW_ELE,*,*]:
2020 2021 2022 2023 2024 2025 2026 2027 2028 2029 2030 2031 2032 2033 2034 2035 2036 2037 2038 2039 2040 2041 2042 2043 2044 2045 2046 2047 2048 2049 2050 2051 2052 2053 2054 2055 2056 2057 2058 2059 2060 :=
1 1 1 1 1 1 1 1 1 1 1 1 1 1 1 1 1 1 1 1 1 1 1 1 1 1 1 1 1 1 1 1 1 1 1 1 1 1 1 1 1 1 
2 0.4 0.4 0.4 0.4 0.4 0.4 0.4 0.4 0.4 0.4 0.4 0.4 0.4 0.4 0.4 0.4 0.4 0.4 0.4 0.4 0.4 0.4 0.4 0.4 0.4 0.4 0.4 0.4 0.4 0.4 0.4 0.4 0.4 0.4 0.4 0.4 0.4 0.4 0.4 0.4 0.4 
[RE1,RSA_POW_INT,RSA_POW_ELEX,*,*]:
2020 2021 2022 2023 2024 2025 2026 2027 2028 2029 2030 2031 2032 2033 2034 2035 2036 2037 2038 2039 2040 2041 2042 2043 2044 2045 2046 2047 2048 2049 2050 2051 2052 2053 2054 2055 2056 2057 2058 2059 2060 :=
1 1 1 1 1 1 1 1 1 1 1 1 1 1 1 1 1 1 1 1 1 1 1 1 1 1 1 1 1 1 1 1 1 1 1 1 1 1 1 1 1 1 
2 1 1 1 1 1 1 1 1 1 1 1 1 1 1 1 1 1 1 1 1 1 1 1 1 1 1 1 1 1 1 1 1 1 1 1 1 1 1 1 1 1 
[RE1,RSA_POW_PP_NU_OLD,SPNRSV,*,*]:
2020 2021 2022 2023 2024 2025 2026 2027 2028 2029 2030 2031 2032 2033 2034 2035 2036 2037 2038 2039 2040 2041 2042 2043 2044 2045 2046 2047 2048 2049 2050 2051 2052 2053 2054 2055 2056 2057 2058 2059 2060 :=
2 0.6 0.6 0.6 0.6 0.6 0.6 0.6 0.6 0.6 0.6 0.6 0.6 0.6 0.6 0.6 0.6 0.6 0.6 0.6 0.6 0.6 0.6 0.6 0.6 0.6 0.6 0.6 0.6 0.6 0.6 0.6 0.6 0.6 0.6 0.6 0.6 0.6 0.6 0.6 0.6 0.6 
[RE1,RSA_POW_PP_NU_OLD,RSA_POW_ELE,*,*]:
2020 2021 2022 2023 2024 2025 2026 2027 2028 2029 2030 2031 2032 2033 2034 2035 2036 2037 2038 2039 2040 2041 2042 2043 2044 2045 2046 2047 2048 2049 2050 2051 2052 2053 2054 2055 2056 2057 2058 2059 2060 :=
1 1 1 1 1 1 1 1 1 1 1 1 1 1 1 1 1 1 1 1 1 1 1 1 1 1 1 1 1 1 1 1 1 1 1 1 1 1 1 1 1 1 
2 0.4 0.4 0.4 0.4 0.4 0.4 0.4 0.4 0.4 0.4 0.4 0.4 0.4 0.4 0.4 0.4 0.4 0.4 0.4 0.4 0.4 0.4 0.4 0.4 0.4 0.4 0.4 0.4 0.4 0.4 0.4 0.4 0.4 0.4 0.4 0.4 0.4 0.4 0.4 0.4 0.4 
[RE1,RSA_FUEL_PRO_URNM,RSA_FUEL_URNM,*,*]:
2020 2021 2022 2023 2024 2025 2026 2027 2028 2029 2030 2031 2032 2033 2034 2035 2036 2037 2038 2039 2040 2041 2042 2043 2044 2045 2046 2047 2048 2049 2050 2051 2052 2053 2054 2055 2056 2057 2058 2059 2060 :=
1 1 1 1 1 1 1 1 1 1 1 1 1 1 1 1 1 1 1 1 1 1 1 1 1 1 1 1 1 1 1 1 1 1 1 1 1 1 1 1 1 1 
2 0 0 0 0 0 0 0 0 0 0 0 0 0 0 0 0 0 0 0 0 0 0 0 0 0 0 0 0 0 0 0 0 0 0 0 0 0 0 0 0 0 
[RE1,RSA_POW_PP_MMG,SPNRSV,*,*]:
2020 2021 2022 2023 2024 2025 2026 2027 2028 2029 2030 2031 2032 2033 2034 2035 2036 2037 2038 2039 2040 2041 2042 2043 2044 2045 2046 2047 2048 2049 2050 2051 2052 2053 2054 2055 2056 2057 2058 2059 2060 :=
2 0.6 0.6 0.6 0.6 0.6 0.6 0.6 0.6 0.6 0.6 0.6 0.6 0.6 0.6 0.6 0.6 0.6 0.6 0.6 0.6 0.6 0.6 0.6 0.6 0.6 0.6 0.6 0.6 0.6 0.6 0.6 0.6 0.6 0.6 0.6 0.6 0.6 0.6 0.6 0.6 0.6 
[RE1,RSA_POW_PP_MMG,RSA_POW_ELE,*,*]:
2020 2021 2022 2023 2024 2025 2026 2027 2028 2029 2030 2031 2032 2033 2034 2035 2036 2037 2038 2039 2040 2041 2042 2043 2044 2045 2046 2047 2048 2049 2050 2051 2052 2053 2054 2055 2056 2057 2058 2059 2060 :=
1 1 1 1 1 1 1 1 1 1 1 1 1 1 1 1 1 1 1 1 1 1 1 1 1 1 1 1 1 1 1 1 1 1 1 1 1 1 1 1 1 1 
2 0.4 0.4 0.4 0.4 0.4 0.4 0.4 0.4 0.4 0.4 0.4 0.4 0.4 0.4 0.4 0.4 0.4 0.4 0.4 0.4 0.4 0.4 0.4 0.4 0.4 0.4 0.4 0.4 0.4 0.4 0.4 0.4 0.4 0.4 0.4 0.4 0.4 0.4 0.4 0.4 0.4 
[RE1,RSA_POW_PP_PEAK,SPNRSV,*,*]:
2020 2021 2022 2023 2024 2025 2026 2027 2028 2029 2030 2031 2032 2033 2034 2035 2036 2037 2038 2039 2040 2041 2042 2043 2044 2045 2046 2047 2048 2049 2050 2051 2052 2053 2054 2055 2056 2057 2058 2059 2060 :=
2 0.6 0.6 0.6 0.6 0.6 0.6 0.6 0.6 0.6 0.6 0.6 0.6 0.6 0.6 0.6 0.6 0.6 0.6 0.6 0.6 0.6 0.6 0.6 0.6 0.6 0.6 0.6 0.6 0.6 0.6 0.6 0.6 0.6 0.6 0.6 0.6 0.6 0.6 0.6 0.6 0.6 
[RE1,RSA_POW_PP_PEAK,RSA_POW_ELE,*,*]:
2020 2021 2022 2023 2024 2025 2026 2027 2028 2029 2030 2031 2032 2033 2034 2035 2036 2037 2038 2039 2040 2041 2042 2043 2044 2045 2046 2047 2048 2049 2050 2051 2052 2053 2054 2055 2056 2057 2058 2059 2060 :=
1 1 1 1 1 1 1 1 1 1 1 1 1 1 1 1 1 1 1 1 1 1 1 1 1 1 1 1 1 1 1 1 1 1 1 1 1 1 1 1 1 1 
2 0.4 0.4 0.4 0.4 0.4 0.4 0.4 0.4 0.4 0.4 0.4 0.4 0.4 0.4 0.4 0.4 0.4 0.4 0.4 0.4 0.4 0.4 0.4 0.4 0.4 0.4 0.4 0.4 0.4 0.4 0.4 0.4 0.4 0.4 0.4 0.4 0.4 0.4 0.4 0.4 0.4 
[RE1,RSA_POW_PP_BIOM,SPNRSV,*,*]:
2020 2021 2022 2023 2024 2025 2026 2027 2028 2029 2030 2031 2032 2033 2034 2035 2036 2037 2038 2039 2040 2041 2042 2043 2044 2045 2046 2047 2048 2049 2050 2051 2052 2053 2054 2055 2056 2057 2058 2059 2060 :=
2 0.6 0.6 0.6 0.6 0.6 0.6 0.6 0.6 0.6 0.6 0.6 0.6 0.6 0.6 0.6 0.6 0.6 0.6 0.6 0.6 0.6 0.6 0.6 0.6 0.6 0.6 0.6 0.6 0.6 0.6 0.6 0.6 0.6 0.6 0.6 0.6 0.6 0.6 0.6 0.6 0.6 
[RE1,RSA_POW_PP_BIOM,RSA_POW_ELE,*,*]:
2020 2021 2022 2023 2024 2025 2026 2027 2028 2029 2030 2031 2032 2033 2034 2035 2036 2037 2038 2039 2040 2041 2042 2043 2044 2045 2046 2047 2048 2049 2050 2051 2052 2053 2054 2055 2056 2057 2058 2059 2060 :=
1 1 1 1 1 1 1 1 1 1 1 1 1 1 1 1 1 1 1 1 1 1 1 1 1 1 1 1 1 1 1 1 1 1 1 1 1 1 1 1 1 1 
2 0.4 0.4 0.4 0.4 0.4 0.4 0.4 0.4 0.4 0.4 0.4 0.4 0.4 0.4 0.4 0.4 0.4 0.4 0.4 0.4 0.4 0.4 0.4 0.4 0.4 0.4 0.4 0.4 0.4 0.4 0.4 0.4 0.4 0.4 0.4 0.4 0.4 0.4 0.4 0.4 0.4 
[RE1,RSA_POW_PP_HYDR,RSA_POW_ELE,*,*]:
2020 2021 2022 2023 2024 2025 2026 2027 2028 2029 2030 2031 2032 2033 2034 2035 2036 2037 2038 2039 2040 2041 2042 2043 2044 2045 2046 2047 2048 2049 2050 2051 2052 2053 2054 2055 2056 2057 2058 2059 2060 :=
1 1 1 1 1 1 1 1 1 1 1 1 1 1 1 1 1 1 1 1 1 1 1 1 1 1 1 1 1 1 1 1 1 1 1 1 1 1 1 1 1 1 
2 1 1 1 1 1 1 1 1 1 1 1 1 1 1 1 1 1 1 1 1 1 1 1 1 1 1 1 1 1 1 1 1 1 1 1 1 1 1 1 1 1 
[RE1,RSA_POW_PP_CSP,RSA_POW_ELE,*,*]:
2020 2021 2022 2023 2024 2025 2026 2027 2028 2029 2030 2031 2032 2033 2034 2035 2036 2037 2038 2039 2040 2041 2042 2043 2044 2045 2046 2047 2048 2049 2050 2051 2052 2053 2054 2055 2056 2057 2058 2059 2060 :=
1 1 1 1 1 1 1 1 1 1 1 1 1 1 1 1 1 1 1 1 1 1 1 1 1 1 1 1 1 1 1 1 1 1 1 1 1 1 1 1 1 1 
2 1 1 1 1 1 1 1 1 1 1 1 1 1 1 1 1 1 1 1 1 1 1 1 1 1 1 1 1 1 1 1 1 1 1 1 1 1 1 1 1 1 
[RE1,RSA_POW_PP_PV_UT,RSA_POW_ELE,*,*]:
2020 2021 2022 2023 2024 2025 2026 2027 2028 2029 2030 2031 2032 2033 2034 2035 2036 2037 2038 2039 2040 2041 2042 2043 2044 2045 2046 2047 2048 2049 2050 2051 2052 2053 2054 2055 2056 2057 2058 2059 2060 :=
1 1 1 1 1 1 1 1 1 1 1 1 1 1 1 1 1 1 1 1 1 1 1 1 1 1 1 1 1 1 1 1 1 1 1 1 1 1 1 1 1 1 
2 1 1 1 1 1 1 1 1 1 1 1 1 1 1 1 1 1 1 1 1 1 1 1 1 1 1 1 1 1 1 1 1 1 1 1 1 1 1 1 1 1 
[RE1,RSA_POW_PP_PV_DIST,RSA_POW_ELEF,*,*]:
2020 2021 2022 2023 2024 2025 2026 2027 2028 2029 2030 2031 2032 2033 2034 2035 2036 2037 2038 2039 2040 2041 2042 2043 2044 2045 2046 2047 2048 2049 2050 2051 2052 2053 2054 2055 2056 2057 2058 2059 2060 :=
1 1 1 1 1 1 1 1 1 1 1 1 1 1 1 1 1 1 1 1 1 1 1 1 1 1 1 1 1 1 1 1 1 1 1 1 1 1 1 1 1 1 
2 1 1 1 1 1 1 1 1 1 1 1 1 1 1 1 1 1 1 1 1 1 1 1 1 1 1 1 1 1 1 1 1 1 1 1 1 1 1 1 1 1 
[RE1,RSA_FUEL_PRO_NG,RSA_FUEL_NG,*,*]:
2020 2021 2022 2023 2024 2025 2026 2027 2028 2029 2030 2031 2032 2033 2034 2035 2036 2037 2038 2039 2040 2041 2042 2043 2044 2045 2046 2047 2048 2049 2050 2051 2052 2053 2054 2055 2056 2057 2058 2059 2060 :=
1 1 1 1 1 1 1 1 1 1 1 1 1 1 1 1 1 1 1 1 1 1 1 1 1 1 1 1 1 1 1 1 1 1 1 1 1 1 1 1 1 1 
2 0 0 0 0 0 0 0 0 0 0 0 0 0 0 0 0 0 0 0 0 0 0 0 0 0 0 0 0 0 0 0 0 0 0 0 0 0 0 0 0 0 
[RE1,RSA_FUEL_PRO_BIOM,RSA_FUEL_BIOM,*,*]:
2020 2021 2022 2023 2024 2025 2026 2027 2028 2029 2030 2031 2032 2033 2034 2035 2036 2037 2038 2039 2040 2041 2042 2043 2044 2045 2046 2047 2048 2049 2050 2051 2052 2053 2054 2055 2056 2057 2058 2059 2060 :=
1 1 1 1 1 1 1 1 1 1 1 1 1 1 1 1 1 1 1 1 1 1 1 1 1 1 1 1 1 1 1 1 1 1 1 1 1 1 1 1 1 1 
2 0 0 0 0 0 0 0 0 0 0 0 0 0 0 0 0 0 0 0 0 0 0 0 0 0 0 0 0 0 0 0 0 0 0 0 0 0 0 0 0 0 
[RE1,RSA_POW_ELEC,RSA_POW_H2,*,*]:
2020 2021 2022 2023 2024 2025 2026 2027 2028 2029 2030 2031 2032 2033 2034 2035 2036 2037 2038 2039 2040 2041 2042 2043 2044 2045 2046 2047 2048 2049 2050 2051 2052 2053 2054 2055 2056 2057 2058 2059 2060 :=
1 1 1 1 1 1 1 1 1 1 1 1 1 1 1 1 1 1 1 1 1 1 1 1 1 1 1 1 1 1 1 1 1 1 1 1 1 1 1 1 1 1 
2 0 0 0 0 0 0 0 0 0 0 0 0 0 0 0 0 0 0 0 0 0 0 0 0 0 0 0 0 0 0 0 0 0 0 0 0 0 0 0 0 0 
[RE1,RSA_FUEL_PRO_DSL,RSA_FUEL_DSL,*,*]:
2020 2021 2022 2023 2024 2025 2026 2027 2028 2029 2030 2031 2032 2033 2034 2035 2036 2037 2038 2039 2040 2041 2042 2043 2044 2045 2046 2047 2048 2049 2050 2051 2052 2053 2054 2055 2056 2057 2058 2059 2060 :=
1 1 1 1 1 1 1 1 1 1 1 1 1 1 1 1 1 1 1 1 1 1 1 1 1 1 1 1 1 1 1 1 1 1 1 1 1 1 1 1 1 1 
2 0 0 0 0 0 0 0 0 0 0 0 0 0 0 0 0 0 0 0 0 0 0 0 0 0 0 0 0 0 0 0 0 0 0 0 0 0 0 0 0 0 
[RE1,RSA_POW_PP_BST,RSA_POW_ELEF,*,*]:
2020 2021 2022 2023 2024 2025 2026 2027 2028 2029 2030 2031 2032 2033 2034 2035 2036 2037 2038 2039 2040 2041 2042 2043 2044 2045 2046 2047 2048 2049 2050 2051 2052 2053 2054 2055 2056 2057 2058 2059 2060 :=
1 1 1 1 1 1 1 1 1 1 1 1 1 1 1 1 1 1 1 1 1 1 1 1 1 1 1 1 1 1 1 1 1 1 1 1 1 1 1 1 1 1 
2 1 1 1 1 1 1 1 1 1 1 1 1 1 1 1 1 1 1 1 1 1 1 1 1 1 1 1 1 1 1 1 1 1 1 1 1 1 1 1 1 1 
[RE1,RSA_POW_STO_BAT_OUT,RSA_POW_ELE,*,*]:
2020 2021 2022 2023 2024 2025 2026 2027 2028 2029 2030 2031 2032 2033 2034 2035 2036 2037 2038 2039 2040 2041 2042 2043 2044 2045 2046 2047 2048 2049 2050 2051 2052 2053 2054 2055 2056 2057 2058 2059 2060 :=
1 1 1 1 1 1 1 1 1 1 1 1 1 1 1 1 1 1 1 1 1 1 1 1 1 1 1 1 1 1 1 1 1 1 1 1 1 1 1 1 1 1 
[RE1,RSA_POW_STO_PHY_OUT,RSA_POW_ELE,*,*]:
2020 2021 2022 2023 2024 2025 2026 2027 2028 2029 2030 2031 2032 2033 2034 2035 2036 2037 2038 2039 2040 2041 2042 2043 2044 2045 2046 2047 2048 2049 2050 2051 2052 2053 2054 2055 2056 2057 2058 2059 2060 :=
1 1 1 1 1 1 1 1 1 1 1 1 1 1 1 1 1 1 1 1 1 1 1 1 1 1 1 1 1 1 1 1 1 1 1 1 1 1 1 1 1 1 
[RE1,RSA_POW_PP_NU,SPNRSV,*,*]:
2020 2021 2022 2023 2024 2025 2026 2027 2028 2029 2030 2031 2032 2033 2034 2035 2036 2037 2038 2039 2040 2041 2042 2043 2044 2045 2046 2047 2048 2049 2050 2051 2052 2053 2054 2055 2056 2057 2058 2059 2060 :=
2 0.6 0.6 0.6 0.6 0.6 0.6 0.6 0.6 0.6 0.6 0.6 0.6 0.6 0.6 0.6 0.6 0.6 0.6 0.6 0.6 0.6 0.6 0.6 0.6 0.6 0.6 0.6 0.6 0.6 0.6 0.6 0.6 0.6 0.6 0.6 0.6 0.6 0.6 0.6 0.6 0.6 
[RE1,RSA_POW_PP_NU,RSA_POW_ELE,*,*]:
2020 2021 2022 2023 2024 2025 2026 2027 2028 2029 2030 2031 2032 2033 2034 2035 2036 2037 2038 2039 2040 2041 2042 2043 2044 2045 2046 2047 2048 2049 2050 2051 2052 2053 2054 2055 2056 2057 2058 2059 2060 :=
1 1 1 1 1 1 1 1 1 1 1 1 1 1 1 1 1 1 1 1 1 1 1 1 1 1 1 1 1 1 1 1 1 1 1 1 1 1 1 1 1 1 
2 0.4 0.4 0.4 0.4 0.4 0.4 0.4 0.4 0.4 0.4 0.4 0.4 0.4 0.4 0.4 0.4 0.4 0.4 0.4 0.4 0.4 0.4 0.4 0.4 0.4 0.4 0.4 0.4 0.4 0.4 0.4 0.4 0.4 0.4 0.4 0.4 0.4 0.4 0.4 0.4 0.4 
[RE1,RSA_POW_PP_NU,RSA_POW_NUEL,*,*]:
2020 2021 2022 2023 2024 2025 2026 2027 2028 2029 2030 2031 2032 2033 2034 2035 2036 2037 2038 2039 2040 2041 2042 2043 2044 2045 2046 2047 2048 2049 2050 2051 2052 2053 2054 2055 2056 2057 2058 2059 2060 :=
1 1 1 1 1 1 1 1 1 1 1 1 1 1 1 1 1 1 1 1 1 1 1 1 1 1 1 1 1 1 1 1 1 1 1 1 1 1 1 1 1 1 
2 0.4 0.4 0.4 0.4 0.4 0.4 0.4 0.4 0.4 0.4 0.4 0.4 0.4 0.4 0.4 0.4 0.4 0.4 0.4 0.4 0.4 0.4 0.4 0.4 0.4 0.4 0.4 0.4 0.4 0.4 0.4 0.4 0.4 0.4 0.4 0.4 0.4 0.4 0.4 0.4 0.4 
[RE1,RSA_POW_PP_NU_SMR,SPNRSV,*,*]:
2020 2021 2022 2023 2024 2025 2026 2027 2028 2029 2030 2031 2032 2033 2034 2035 2036 2037 2038 2039 2040 2041 2042 2043 2044 2045 2046 2047 2048 2049 2050 2051 2052 2053 2054 2055 2056 2057 2058 2059 2060 :=
2 0.6 0.6 0.6 0.6 0.6 0.6 0.6 0.6 0.6 0.6 0.6 0.6 0.6 0.6 0.6 0.6 0.6 0.6 0.6 0.6 0.6 0.6 0.6 0.6 0.6 0.6 0.6 0.6 0.6 0.6 0.6 0.6 0.6 0.6 0.6 0.6 0.6 0.6 0.6 0.6 0.6 
[RE1,RSA_POW_PP_NU_SMR,RSA_POW_ELE,*,*]:
2020 2021 2022 2023 2024 2025 2026 2027 2028 2029 2030 2031 2032 2033 2034 2035 2036 2037 2038 2039 2040 2041 2042 2043 2044 2045 2046 2047 2048 2049 2050 2051 2052 2053 2054 2055 2056 2057 2058 2059 2060 :=
1 1 1 1 1 1 1 1 1 1 1 1 1 1 1 1 1 1 1 1 1 1 1 1 1 1 1 1 1 1 1 1 1 1 1 1 1 1 1 1 1 1 
2 0.4 0.4 0.4 0.4 0.4 0.4 0.4 0.4 0.4 0.4 0.4 0.4 0.4 0.4 0.4 0.4 0.4 0.4 0.4 0.4 0.4 0.4 0.4 0.4 0.4 0.4 0.4 0.4 0.4 0.4 0.4 0.4 0.4 0.4 0.4 0.4 0.4 0.4 0.4 0.4 0.4 
[RE1,RSA_POW_PP_NU_SMR,RSA_POW_NUEL,*,*]:
2020 2021 2022 2023 2024 2025 2026 2027 2028 2029 2030 2031 2032 2033 2034 2035 2036 2037 2038 2039 2040 2041 2042 2043 2044 2045 2046 2047 2048 2049 2050 2051 2052 2053 2054 2055 2056 2057 2058 2059 2060 :=
1 1 1 1 1 1 1 1 1 1 1 1 1 1 1 1 1 1 1 1 1 1 1 1 1 1 1 1 1 1 1 1 1 1 1 1 1 1 1 1 1 1 
2 0.4 0.4 0.4 0.4 0.4 0.4 0.4 0.4 0.4 0.4 0.4 0.4 0.4 0.4 0.4 0.4 0.4 0.4 0.4 0.4 0.4 0.4 0.4 0.4 0.4 0.4 0.4 0.4 0.4 0.4 0.4 0.4 0.4 0.4 0.4 0.4 0.4 0.4 0.4 0.4 0.4 
[RE1,RSA_POW_PP_WIND,RSA_POW_ELE,*,*]:
2020 2021 2022 2023 2024 2025 2026 2027 2028 2029 2030 2031 2032 2033 2034 2035 2036 2037 2038 2039 2040 2041 2042 2043 2044 2045 2046 2047 2048 2049 2050 2051 2052 2053 2054 2055 2056 2057 2058 2059 2060 :=
1 0.4 0.4 0.4 0.4 0.4 0.4 0.4 0.4 0.4 0.4 0.4 0.4 0.4 0.4 0.4 0.4 0.4 0.4 0.4 0.4 0.4 0.4 0.4 0.4 0.4 0.4 0.4 0.4 0.4 0.4 0.4 0.4 0.4 0.4 0.4 0.4 0.4 0.4 0.4 0.4 0.4 
2 0.4 0.4 0.4 0.4 0.4 0.4 0.4 0.4 0.4 0.4 0.4 0.4 0.4 0.4 0.4 0.4 0.4 0.4 0.4 0.4 0.4 0.4 0.4 0.4 0.4 0.4 0.4 0.4 0.4 0.4 0.4 0.4 0.4 0.4 0.4 0.4 0.4 0.4 0.4 0.4 0.4 
;
param OperationalLifeStorage default 1 : 
RSA_POW_STO_BAT RSA_POW_STO_PHY RSA_POW_STO_H2 :=
RE1 10 50 1 
;
param StorageLevelStart default 1 : 
RSA_POW_STO_BAT RSA_POW_STO_PHY RSA_POW_STO_H2 :=
RE1 1 1 1 
;
param CapitalCostStorage default 0 := 
[RE1,*,*]: 
2020 2021 2022 2023 2024 2025 2026 2027 2028 2029 2030 2031 2032 2033 2034 2035 2036 2037 2038 2039 2040 2041 2042 2043 2044 2045 2046 2047 2048 2049 2050 2051 2052 2053 2054 2055 2056 2057 2058 2059 2060 :=
RSA_POW_STO_BAT 1 1 1 1 1 1 1 1 1 1 1 1 1 1 1 1 1 1 1 1 1 1 1 1 1 1 1 1 1 1 1 1 1 1 1 1 1 1 1 1 1 
RSA_POW_STO_PHY 1 1 1 1 1 1 1 1 1 1 1 1 1 1 1 1 1 1 1 1 1 1 1 1 1 1 1 1 1 1 1 1 1 1 1 1 1 1 1 1 1 
;
param ResidualStorageCapacity default 0 := 
;
param MinStorageCharge default 0 := 
;
param TechnologyToStorage default 0 := 
[RE1,RSA_POW_STO_BAT_IN,*,*]:
1 2 :=
RSA_POW_STO_BAT 1 0 
[RE1,RSA_POW_STO_PHY_IN,*,*]:
1 2 :=
RSA_POW_STO_PHY 1 0 
;
param TechnologyFromStorage default 0 := 
[RE1,RSA_POW_STO_BAT_OUT,*,*]:
1 2 :=
RSA_POW_STO_BAT 1 0 
[RE1,RSA_POW_STO_PHY_OUT,*,*]:
1 2 :=
RSA_POW_STO_PHY 1 0 
;
param CapacityFactor default 1 := 
[RE1,RSA_POW_PP_HYDR,*,*]: 
2020 2021 2022 2023 2024 2025 2026 2027 2028 2029 2030 2031 2032 2033 2034 2035 2036 2037 2038 2039 2040 2041 2042 2043 2044 2045 2046 2047 2048 2049 2050 2051 2052 2053 2054 2055 2056 2057 2058 2059 2060 :=
1 0.67 0.67 0.67 0.67 0.67 0.67 0.67 0.67 0.67 0.67 0.67 0.67 0.67 0.67 0.67 0.67 0.67 0.67 0.67 0.67 0.67 0.67 0.67 0.67 0.67 0.67 0.67 0.67 0.67 0.67 0.67 0.67 0.67 0.67 0.67 0.67 0.67 0.67 0.67 0.67 0.67 
2 0.67 0.67 0.67 0.67 0.67 0.67 0.67 0.67 0.67 0.67 0.67 0.67 0.67 0.67 0.67 0.67 0.67 0.67 0.67 0.67 0.67 0.67 0.67 0.67 0.67 0.67 0.67 0.67 0.67 0.67 0.67 0.67 0.67 0.67 0.67 0.67 0.67 0.67 0.67 0.67 0.67 
3 0.67 0.67 0.67 0.67 0.67 0.67 0.67 0.67 0.67 0.67 0.67 0.67 0.67 0.67 0.67 0.67 0.67 0.67 0.67 0.67 0.67 0.67 0.67 0.67 0.67 0.67 0.67 0.67 0.67 0.67 0.67 0.67 0.67 0.67 0.67 0.67 0.67 0.67 0.67 0.67 0.67 
4 0.67 0.67 0.67 0.67 0.67 0.67 0.67 0.67 0.67 0.67 0.67 0.67 0.67 0.67 0.67 0.67 0.67 0.67 0.67 0.67 0.67 0.67 0.67 0.67 0.67 0.67 0.67 0.67 0.67 0.67 0.67 0.67 0.67 0.67 0.67 0.67 0.67 0.67 0.67 0.67 0.67 
5 0.67 0.67 0.67 0.67 0.67 0.67 0.67 0.67 0.67 0.67 0.67 0.67 0.67 0.67 0.67 0.67 0.67 0.67 0.67 0.67 0.67 0.67 0.67 0.67 0.67 0.67 0.67 0.67 0.67 0.67 0.67 0.67 0.67 0.67 0.67 0.67 0.67 0.67 0.67 0.67 0.67 
6 0.67 0.67 0.67 0.67 0.67 0.67 0.67 0.67 0.67 0.67 0.67 0.67 0.67 0.67 0.67 0.67 0.67 0.67 0.67 0.67 0.67 0.67 0.67 0.67 0.67 0.67 0.67 0.67 0.67 0.67 0.67 0.67 0.67 0.67 0.67 0.67 0.67 0.67 0.67 0.67 0.67 
7 0.67 0.67 0.67 0.67 0.67 0.67 0.67 0.67 0.67 0.67 0.67 0.67 0.67 0.67 0.67 0.67 0.67 0.67 0.67 0.67 0.67 0.67 0.67 0.67 0.67 0.67 0.67 0.67 0.67 0.67 0.67 0.67 0.67 0.67 0.67 0.67 0.67 0.67 0.67 0.67 0.67 
8 0.67 0.67 0.67 0.67 0.67 0.67 0.67 0.67 0.67 0.67 0.67 0.67 0.67 0.67 0.67 0.67 0.67 0.67 0.67 0.67 0.67 0.67 0.67 0.67 0.67 0.67 0.67 0.67 0.67 0.67 0.67 0.67 0.67 0.67 0.67 0.67 0.67 0.67 0.67 0.67 0.67 
9 0.67 0.67 0.67 0.67 0.67 0.67 0.67 0.67 0.67 0.67 0.67 0.67 0.67 0.67 0.67 0.67 0.67 0.67 0.67 0.67 0.67 0.67 0.67 0.67 0.67 0.67 0.67 0.67 0.67 0.67 0.67 0.67 0.67 0.67 0.67 0.67 0.67 0.67 0.67 0.67 0.67 
10 0.67 0.67 0.67 0.67 0.67 0.67 0.67 0.67 0.67 0.67 0.67 0.67 0.67 0.67 0.67 0.67 0.67 0.67 0.67 0.67 0.67 0.67 0.67 0.67 0.67 0.67 0.67 0.67 0.67 0.67 0.67 0.67 0.67 0.67 0.67 0.67 0.67 0.67 0.67 0.67 0.67 
11 0.67 0.67 0.67 0.67 0.67 0.67 0.67 0.67 0.67 0.67 0.67 0.67 0.67 0.67 0.67 0.67 0.67 0.67 0.67 0.67 0.67 0.67 0.67 0.67 0.67 0.67 0.67 0.67 0.67 0.67 0.67 0.67 0.67 0.67 0.67 0.67 0.67 0.67 0.67 0.67 0.67 
12 0.67 0.67 0.67 0.67 0.67 0.67 0.67 0.67 0.67 0.67 0.67 0.67 0.67 0.67 0.67 0.67 0.67 0.67 0.67 0.67 0.67 0.67 0.67 0.67 0.67 0.67 0.67 0.67 0.67 0.67 0.67 0.67 0.67 0.67 0.67 0.67 0.67 0.67 0.67 0.67 0.67 
13 0.67 0.67 0.67 0.67 0.67 0.67 0.67 0.67 0.67 0.67 0.67 0.67 0.67 0.67 0.67 0.67 0.67 0.67 0.67 0.67 0.67 0.67 0.67 0.67 0.67 0.67 0.67 0.67 0.67 0.67 0.67 0.67 0.67 0.67 0.67 0.67 0.67 0.67 0.67 0.67 0.67 
14 0.67 0.67 0.67 0.67 0.67 0.67 0.67 0.67 0.67 0.67 0.67 0.67 0.67 0.67 0.67 0.67 0.67 0.67 0.67 0.67 0.67 0.67 0.67 0.67 0.67 0.67 0.67 0.67 0.67 0.67 0.67 0.67 0.67 0.67 0.67 0.67 0.67 0.67 0.67 0.67 0.67 
15 0.67 0.67 0.67 0.67 0.67 0.67 0.67 0.67 0.67 0.67 0.67 0.67 0.67 0.67 0.67 0.67 0.67 0.67 0.67 0.67 0.67 0.67 0.67 0.67 0.67 0.67 0.67 0.67 0.67 0.67 0.67 0.67 0.67 0.67 0.67 0.67 0.67 0.67 0.67 0.67 0.67 
16 0.67 0.67 0.67 0.67 0.67 0.67 0.67 0.67 0.67 0.67 0.67 0.67 0.67 0.67 0.67 0.67 0.67 0.67 0.67 0.67 0.67 0.67 0.67 0.67 0.67 0.67 0.67 0.67 0.67 0.67 0.67 0.67 0.67 0.67 0.67 0.67 0.67 0.67 0.67 0.67 0.67 
17 0.67 0.67 0.67 0.67 0.67 0.67 0.67 0.67 0.67 0.67 0.67 0.67 0.67 0.67 0.67 0.67 0.67 0.67 0.67 0.67 0.67 0.67 0.67 0.67 0.67 0.67 0.67 0.67 0.67 0.67 0.67 0.67 0.67 0.67 0.67 0.67 0.67 0.67 0.67 0.67 0.67 
18 0.67 0.67 0.67 0.67 0.67 0.67 0.67 0.67 0.67 0.67 0.67 0.67 0.67 0.67 0.67 0.67 0.67 0.67 0.67 0.67 0.67 0.67 0.67 0.67 0.67 0.67 0.67 0.67 0.67 0.67 0.67 0.67 0.67 0.67 0.67 0.67 0.67 0.67 0.67 0.67 0.67 
19 0.67 0.67 0.67 0.67 0.67 0.67 0.67 0.67 0.67 0.67 0.67 0.67 0.67 0.67 0.67 0.67 0.67 0.67 0.67 0.67 0.67 0.67 0.67 0.67 0.67 0.67 0.67 0.67 0.67 0.67 0.67 0.67 0.67 0.67 0.67 0.67 0.67 0.67 0.67 0.67 0.67 
20 0.67 0.67 0.67 0.67 0.67 0.67 0.67 0.67 0.67 0.67 0.67 0.67 0.67 0.67 0.67 0.67 0.67 0.67 0.67 0.67 0.67 0.67 0.67 0.67 0.67 0.67 0.67 0.67 0.67 0.67 0.67 0.67 0.67 0.67 0.67 0.67 0.67 0.67 0.67 0.67 0.67 
21 0.67 0.67 0.67 0.67 0.67 0.67 0.67 0.67 0.67 0.67 0.67 0.67 0.67 0.67 0.67 0.67 0.67 0.67 0.67 0.67 0.67 0.67 0.67 0.67 0.67 0.67 0.67 0.67 0.67 0.67 0.67 0.67 0.67 0.67 0.67 0.67 0.67 0.67 0.67 0.67 0.67 
22 0.67 0.67 0.67 0.67 0.67 0.67 0.67 0.67 0.67 0.67 0.67 0.67 0.67 0.67 0.67 0.67 0.67 0.67 0.67 0.67 0.67 0.67 0.67 0.67 0.67 0.67 0.67 0.67 0.67 0.67 0.67 0.67 0.67 0.67 0.67 0.67 0.67 0.67 0.67 0.67 0.67 
23 0.67 0.67 0.67 0.67 0.67 0.67 0.67 0.67 0.67 0.67 0.67 0.67 0.67 0.67 0.67 0.67 0.67 0.67 0.67 0.67 0.67 0.67 0.67 0.67 0.67 0.67 0.67 0.67 0.67 0.67 0.67 0.67 0.67 0.67 0.67 0.67 0.67 0.67 0.67 0.67 0.67 
24 0.67 0.67 0.67 0.67 0.67 0.67 0.67 0.67 0.67 0.67 0.67 0.67 0.67 0.67 0.67 0.67 0.67 0.67 0.67 0.67 0.67 0.67 0.67 0.67 0.67 0.67 0.67 0.67 0.67 0.67 0.67 0.67 0.67 0.67 0.67 0.67 0.67 0.67 0.67 0.67 0.67 
25 0.67 0.67 0.67 0.67 0.67 0.67 0.67 0.67 0.67 0.67 0.67 0.67 0.67 0.67 0.67 0.67 0.67 0.67 0.67 0.67 0.67 0.67 0.67 0.67 0.67 0.67 0.67 0.67 0.67 0.67 0.67 0.67 0.67 0.67 0.67 0.67 0.67 0.67 0.67 0.67 0.67 
26 0.67 0.67 0.67 0.67 0.67 0.67 0.67 0.67 0.67 0.67 0.67 0.67 0.67 0.67 0.67 0.67 0.67 0.67 0.67 0.67 0.67 0.67 0.67 0.67 0.67 0.67 0.67 0.67 0.67 0.67 0.67 0.67 0.67 0.67 0.67 0.67 0.67 0.67 0.67 0.67 0.67 
27 0.67 0.67 0.67 0.67 0.67 0.67 0.67 0.67 0.67 0.67 0.67 0.67 0.67 0.67 0.67 0.67 0.67 0.67 0.67 0.67 0.67 0.67 0.67 0.67 0.67 0.67 0.67 0.67 0.67 0.67 0.67 0.67 0.67 0.67 0.67 0.67 0.67 0.67 0.67 0.67 0.67 
28 0.67 0.67 0.67 0.67 0.67 0.67 0.67 0.67 0.67 0.67 0.67 0.67 0.67 0.67 0.67 0.67 0.67 0.67 0.67 0.67 0.67 0.67 0.67 0.67 0.67 0.67 0.67 0.67 0.67 0.67 0.67 0.67 0.67 0.67 0.67 0.67 0.67 0.67 0.67 0.67 0.67 
29 0.67 0.67 0.67 0.67 0.67 0.67 0.67 0.67 0.67 0.67 0.67 0.67 0.67 0.67 0.67 0.67 0.67 0.67 0.67 0.67 0.67 0.67 0.67 0.67 0.67 0.67 0.67 0.67 0.67 0.67 0.67 0.67 0.67 0.67 0.67 0.67 0.67 0.67 0.67 0.67 0.67 
30 0.67 0.67 0.67 0.67 0.67 0.67 0.67 0.67 0.67 0.67 0.67 0.67 0.67 0.67 0.67 0.67 0.67 0.67 0.67 0.67 0.67 0.67 0.67 0.67 0.67 0.67 0.67 0.67 0.67 0.67 0.67 0.67 0.67 0.67 0.67 0.67 0.67 0.67 0.67 0.67 0.67 
31 0.67 0.67 0.67 0.67 0.67 0.67 0.67 0.67 0.67 0.67 0.67 0.67 0.67 0.67 0.67 0.67 0.67 0.67 0.67 0.67 0.67 0.67 0.67 0.67 0.67 0.67 0.67 0.67 0.67 0.67 0.67 0.67 0.67 0.67 0.67 0.67 0.67 0.67 0.67 0.67 0.67 
32 0.67 0.67 0.67 0.67 0.67 0.67 0.67 0.67 0.67 0.67 0.67 0.67 0.67 0.67 0.67 0.67 0.67 0.67 0.67 0.67 0.67 0.67 0.67 0.67 0.67 0.67 0.67 0.67 0.67 0.67 0.67 0.67 0.67 0.67 0.67 0.67 0.67 0.67 0.67 0.67 0.67 
33 0.67 0.67 0.67 0.67 0.67 0.67 0.67 0.67 0.67 0.67 0.67 0.67 0.67 0.67 0.67 0.67 0.67 0.67 0.67 0.67 0.67 0.67 0.67 0.67 0.67 0.67 0.67 0.67 0.67 0.67 0.67 0.67 0.67 0.67 0.67 0.67 0.67 0.67 0.67 0.67 0.67 
34 0.67 0.67 0.67 0.67 0.67 0.67 0.67 0.67 0.67 0.67 0.67 0.67 0.67 0.67 0.67 0.67 0.67 0.67 0.67 0.67 0.67 0.67 0.67 0.67 0.67 0.67 0.67 0.67 0.67 0.67 0.67 0.67 0.67 0.67 0.67 0.67 0.67 0.67 0.67 0.67 0.67 
35 0.67 0.67 0.67 0.67 0.67 0.67 0.67 0.67 0.67 0.67 0.67 0.67 0.67 0.67 0.67 0.67 0.67 0.67 0.67 0.67 0.67 0.67 0.67 0.67 0.67 0.67 0.67 0.67 0.67 0.67 0.67 0.67 0.67 0.67 0.67 0.67 0.67 0.67 0.67 0.67 0.67 
36 0.67 0.67 0.67 0.67 0.67 0.67 0.67 0.67 0.67 0.67 0.67 0.67 0.67 0.67 0.67 0.67 0.67 0.67 0.67 0.67 0.67 0.67 0.67 0.67 0.67 0.67 0.67 0.67 0.67 0.67 0.67 0.67 0.67 0.67 0.67 0.67 0.67 0.67 0.67 0.67 0.67 
37 0.67 0.67 0.67 0.67 0.67 0.67 0.67 0.67 0.67 0.67 0.67 0.67 0.67 0.67 0.67 0.67 0.67 0.67 0.67 0.67 0.67 0.67 0.67 0.67 0.67 0.67 0.67 0.67 0.67 0.67 0.67 0.67 0.67 0.67 0.67 0.67 0.67 0.67 0.67 0.67 0.67 
38 0.67 0.67 0.67 0.67 0.67 0.67 0.67 0.67 0.67 0.67 0.67 0.67 0.67 0.67 0.67 0.67 0.67 0.67 0.67 0.67 0.67 0.67 0.67 0.67 0.67 0.67 0.67 0.67 0.67 0.67 0.67 0.67 0.67 0.67 0.67 0.67 0.67 0.67 0.67 0.67 0.67 
39 0.67 0.67 0.67 0.67 0.67 0.67 0.67 0.67 0.67 0.67 0.67 0.67 0.67 0.67 0.67 0.67 0.67 0.67 0.67 0.67 0.67 0.67 0.67 0.67 0.67 0.67 0.67 0.67 0.67 0.67 0.67 0.67 0.67 0.67 0.67 0.67 0.67 0.67 0.67 0.67 0.67 
40 0.67 0.67 0.67 0.67 0.67 0.67 0.67 0.67 0.67 0.67 0.67 0.67 0.67 0.67 0.67 0.67 0.67 0.67 0.67 0.67 0.67 0.67 0.67 0.67 0.67 0.67 0.67 0.67 0.67 0.67 0.67 0.67 0.67 0.67 0.67 0.67 0.67 0.67 0.67 0.67 0.67 
41 0.67 0.67 0.67 0.67 0.67 0.67 0.67 0.67 0.67 0.67 0.67 0.67 0.67 0.67 0.67 0.67 0.67 0.67 0.67 0.67 0.67 0.67 0.67 0.67 0.67 0.67 0.67 0.67 0.67 0.67 0.67 0.67 0.67 0.67 0.67 0.67 0.67 0.67 0.67 0.67 0.67 
42 0.67 0.67 0.67 0.67 0.67 0.67 0.67 0.67 0.67 0.67 0.67 0.67 0.67 0.67 0.67 0.67 0.67 0.67 0.67 0.67 0.67 0.67 0.67 0.67 0.67 0.67 0.67 0.67 0.67 0.67 0.67 0.67 0.67 0.67 0.67 0.67 0.67 0.67 0.67 0.67 0.67 
[RE1,RSA_POW_PP_CSP,*,*]: 
2020 2021 2022 2023 2024 2025 2026 2027 2028 2029 2030 2031 2032 2033 2034 2035 2036 2037 2038 2039 2040 2041 2042 2043 2044 2045 2046 2047 2048 2049 2050 2051 2052 2053 2054 2055 2056 2057 2058 2059 2060 :=
1 0 0 0 0 0 0 0 0 0 0 0 0 0 0 0 0 0 0 0 0 0 0 0 0 0 0 0 0 0 0 0 0 0 0 0 0 0 0 0 0 0 
2 0 0 0 0 0 0 0 0 0 0 0 0 0 0 0 0 0 0 0 0 0 0 0 0 0 0 0 0 0 0 0 0 0 0 0 0 0 0 0 0 0 
3 0 0 0 0 0 0 0 0 0 0 0 0 0 0 0 0 0 0 0 0 0 0 0 0 0 0 0 0 0 0 0 0 0 0 0 0 0 0 0 0 0 
4 0 0 0 0 0 0 0 0 0 0 0 0 0 0 0 0 0 0 0 0 0 0 0 0 0 0 0 0 0 0 0 0 0 0 0 0 0 0 0 0 0 
5 0 0 0 0 0 0 0 0 0 0 0 0 0 0 0 0 0 0 0 0 0 0 0 0 0 0 0 0 0 0 0 0 0 0 0 0 0 0 0 0 0 
6 0 0 0 0 0 0 0 0 0 0 0 0 0 0 0 0 0 0 0 0 0 0 0 0 0 0 0 0 0 0 0 0 0 0 0 0 0 0 0 0 0 
7 0 0 0 0 0 0 0 0 0 0 0 0 0 0 0 0 0 0 0 0 0 0 0 0 0 0 0 0 0 0 0 0 0 0 0 0 0 0 0 0 0 
8 0 0 0 0 0 0 0 0 0 0 0 0 0 0 0 0 0 0 0 0 0 0 0 0 0 0 0 0 0 0 0 0 0 0 0 0 0 0 0 0 0 
9 0 0 0 0 0 0 0 0 0 0 0 0 0 0 0 0 0 0 0 0 0 0 0 0 0 0 0 0 0 0 0 0 0 0 0 0 0 0 0 0 0 
10 0 0 0 0 0 0 0 0 0 0 0 0 0 0 0 0 0 0 0 0 0 0 0 0 0 0 0 0 0 0 0 0 0 0 0 0 0 0 0 0 0 
11 0 0 0 0 0 0 0 0 0 0 0 0 0 0 0 0 0 0 0 0 0 0 0 0 0 0 0 0 0 0 0 0 0 0 0 0 0 0 0 0 0 
12 0 0 0 0 0 0 0 0 0 0 0 0 0 0 0 0 0 0 0 0 0 0 0 0 0 0 0 0 0 0 0 0 0 0 0 0 0 0 0 0 0 
13 0 0 0 0 0 0 0 0 0 0 0 0 0 0 0 0 0 0 0 0 0 0 0 0 0 0 0 0 0 0 0 0 0 0 0 0 0 0 0 0 0 
14 0 0 0 0 0 0 0 0 0 0 0 0 0 0 0 0 0 0 0 0 0 0 0 0 0 0 0 0 0 0 0 0 0 0 0 0 0 0 0 0 0 
15 0 0 0 0 0 0 0 0 0 0 0 0 0 0 0 0 0 0 0 0 0 0 0 0 0 0 0 0 0 0 0 0 0 0 0 0 0 0 0 0 0 
16 0 0 0 0 0 0 0 0 0 0 0 0 0 0 0 0 0 0 0 0 0 0 0 0 0 0 0 0 0 0 0 0 0 0 0 0 0 0 0 0 0 
17 0 0 0 0 0 0 0 0 0 0 0 0 0 0 0 0 0 0 0 0 0 0 0 0 0 0 0 0 0 0 0 0 0 0 0 0 0 0 0 0 0 
18 0 0 0 0 0 0 0 0 0 0 0 0 0 0 0 0 0 0 0 0 0 0 0 0 0 0 0 0 0 0 0 0 0 0 0 0 0 0 0 0 0 
19 0 0 0 0 0 0 0 0 0 0 0 0 0 0 0 0 0 0 0 0 0 0 0 0 0 0 0 0 0 0 0 0 0 0 0 0 0 0 0 0 0 
20 0 0 0 0 0 0 0 0 0 0 0 0 0 0 0 0 0 0 0 0 0 0 0 0 0 0 0 0 0 0 0 0 0 0 0 0 0 0 0 0 0 
21 0 0 0 0 0 0 0 0 0 0 0 0 0 0 0 0 0 0 0 0 0 0 0 0 0 0 0 0 0 0 0 0 0 0 0 0 0 0 0 0 0 
22 0 0 0 0 0 0 0 0 0 0 0 0 0 0 0 0 0 0 0 0 0 0 0 0 0 0 0 0 0 0 0 0 0 0 0 0 0 0 0 0 0 
23 0 0 0 0 0 0 0 0 0 0 0 0 0 0 0 0 0 0 0 0 0 0 0 0 0 0 0 0 0 0 0 0 0 0 0 0 0 0 0 0 0 
24 0 0 0 0 0 0 0 0 0 0 0 0 0 0 0 0 0 0 0 0 0 0 0 0 0 0 0 0 0 0 0 0 0 0 0 0 0 0 0 0 0 
25 0 0 0 0 0 0 0 0 0 0 0 0 0 0 0 0 0 0 0 0 0 0 0 0 0 0 0 0 0 0 0 0 0 0 0 0 0 0 0 0 0 
26 0 0 0 0 0 0 0 0 0 0 0 0 0 0 0 0 0 0 0 0 0 0 0 0 0 0 0 0 0 0 0 0 0 0 0 0 0 0 0 0 0 
27 0 0 0 0 0 0 0 0 0 0 0 0 0 0 0 0 0 0 0 0 0 0 0 0 0 0 0 0 0 0 0 0 0 0 0 0 0 0 0 0 0 
28 0 0 0 0 0 0 0 0 0 0 0 0 0 0 0 0 0 0 0 0 0 0 0 0 0 0 0 0 0 0 0 0 0 0 0 0 0 0 0 0 0 
29 0 0 0 0 0 0 0 0 0 0 0 0 0 0 0 0 0 0 0 0 0 0 0 0 0 0 0 0 0 0 0 0 0 0 0 0 0 0 0 0 0 
30 0 0 0 0 0 0 0 0 0 0 0 0 0 0 0 0 0 0 0 0 0 0 0 0 0 0 0 0 0 0 0 0 0 0 0 0 0 0 0 0 0 
31 0 0 0 0 0 0 0 0 0 0 0 0 0 0 0 0 0 0 0 0 0 0 0 0 0 0 0 0 0 0 0 0 0 0 0 0 0 0 0 0 0 
32 0 0 0 0 0 0 0 0 0 0 0 0 0 0 0 0 0 0 0 0 0 0 0 0 0 0 0 0 0 0 0 0 0 0 0 0 0 0 0 0 0 
33 0 0 0 0 0 0 0 0 0 0 0 0 0 0 0 0 0 0 0 0 0 0 0 0 0 0 0 0 0 0 0 0 0 0 0 0 0 0 0 0 0 
34 0 0 0 0 0 0 0 0 0 0 0 0 0 0 0 0 0 0 0 0 0 0 0 0 0 0 0 0 0 0 0 0 0 0 0 0 0 0 0 0 0 
35 0 0 0 0 0 0 0 0 0 0 0 0 0 0 0 0 0 0 0 0 0 0 0 0 0 0 0 0 0 0 0 0 0 0 0 0 0 0 0 0 0 
36 0 0 0 0 0 0 0 0 0 0 0 0 0 0 0 0 0 0 0 0 0 0 0 0 0 0 0 0 0 0 0 0 0 0 0 0 0 0 0 0 0 
37 0 0 0 0 0 0 0 0 0 0 0 0 0 0 0 0 0 0 0 0 0 0 0 0 0 0 0 0 0 0 0 0 0 0 0 0 0 0 0 0 0 
38 0 0 0 0 0 0 0 0 0 0 0 0 0 0 0 0 0 0 0 0 0 0 0 0 0 0 0 0 0 0 0 0 0 0 0 0 0 0 0 0 0 
39 0 0 0 0 0 0 0 0 0 0 0 0 0 0 0 0 0 0 0 0 0 0 0 0 0 0 0 0 0 0 0 0 0 0 0 0 0 0 0 0 0 
40 0 0 0 0 0 0 0 0 0 0 0 0 0 0 0 0 0 0 0 0 0 0 0 0 0 0 0 0 0 0 0 0 0 0 0 0 0 0 0 0 0 
41 0 0 0 0 0 0 0 0 0 0 0 0 0 0 0 0 0 0 0 0 0 0 0 0 0 0 0 0 0 0 0 0 0 0 0 0 0 0 0 0 0 
42 0 0 0 0 0 0 0 0 0 0 0 0 0 0 0 0 0 0 0 0 0 0 0 0 0 0 0 0 0 0 0 0 0 0 0 0 0 0 0 0 0 
43 0 0 0 0 0 0 0 0 0 0 0 0 0 0 0 0 0 0 0 0 0 0 0 0 0 0 0 0 0 0 0 0 0 0 0 0 0 0 0 0 0 
44 0 0 0 0 0 0 0 0 0 0 0 0 0 0 0 0 0 0 0 0 0 0 0 0 0 0 0 0 0 0 0 0 0 0 0 0 0 0 0 0 0 
45 0 0 0 0 0 0 0 0 0 0 0 0 0 0 0 0 0 0 0 0 0 0 0 0 0 0 0 0 0 0 0 0 0 0 0 0 0 0 0 0 0 
46 0 0 0 0 0 0 0 0 0 0 0 0 0 0 0 0 0 0 0 0 0 0 0 0 0 0 0 0 0 0 0 0 0 0 0 0 0 0 0 0 0 
47 0 0 0 0 0 0 0 0 0 0 0 0 0 0 0 0 0 0 0 0 0 0 0 0 0 0 0 0 0 0 0 0 0 0 0 0 0 0 0 0 0 
48 0 0 0 0 0 0 0 0 0 0 0 0 0 0 0 0 0 0 0 0 0 0 0 0 0 0 0 0 0 0 0 0 0 0 0 0 0 0 0 0 0 
49 0 0 0 0 0 0 0 0 0 0 0 0 0 0 0 0 0 0 0 0 0 0 0 0 0 0 0 0 0 0 0 0 0 0 0 0 0 0 0 0 0 
50 0 0 0 0 0 0 0 0 0 0 0 0 0 0 0 0 0 0 0 0 0 0 0 0 0 0 0 0 0 0 0 0 0 0 0 0 0 0 0 0 0 
51 0 0 0 0 0 0 0 0 0 0 0 0 0 0 0 0 0 0 0 0 0 0 0 0 0 0 0 0 0 0 0 0 0 0 0 0 0 0 0 0 0 
52 0 0 0 0 0 0 0 0 0 0 0 0 0 0 0 0 0 0 0 0 0 0 0 0 0 0 0 0 0 0 0 0 0 0 0 0 0 0 0 0 0 
53 0 0 0 0 0 0 0 0 0 0 0 0 0 0 0 0 0 0 0 0 0 0 0 0 0 0 0 0 0 0 0 0 0 0 0 0 0 0 0 0 0 
54 0 0 0 0 0 0 0 0 0 0 0 0 0 0 0 0 0 0 0 0 0 0 0 0 0 0 0 0 0 0 0 0 0 0 0 0 0 0 0 0 0 
[RE1,RSA_POW_PP_PV_UT,*,*]: 
2020 2021 2022 2023 2024 2025 2026 2027 2028 2029 2030 2031 2032 2033 2034 2035 2036 2037 2038 2039 2040 2041 2042 2043 2044 2045 2046 2047 2048 2049 2050 2051 2052 2053 2054 2055 2056 2057 2058 2059 2060 :=
1 0 0 0 0 0 0 0 0 0 0 0 0 0 0 0 0 0 0 0 0 0 0 0 0 0 0 0 0 0 0 0 0 0 0 0 0 0 0 0 0 0 
2 0.066685272 0.066685272 0.066685272 0.066685272 0.066685272 0.066685272 0.066685272 0.066685272 0.066685272 0.066685272 0.066685272 0.066685272 0.066685272 0.066685272 0.066685272 0.066685272 0.066685272 0.066685272 0.066685272 0.066685272 0.066685272 0.066685272 0.066685272 0.066685272 0.066685272 0.066685272 0.066685272 0.066685272 0.066685272 0.066685272 0.066685272 0.066685272 0.066685272 0.066685272 0.066685272 0.066685272 0.066685272 0.066685272 0.066685272 0.066685272 0.066685272 
3 0.541629704 0.541629704 0.541629704 0.541629704 0.541629704 0.541629704 0.541629704 0.541629704 0.541629704 0.541629704 0.541629704 0.541629704 0.541629704 0.541629704 0.541629704 0.541629704 0.541629704 0.541629704 0.541629704 0.541629704 0.541629704 0.541629704 0.541629704 0.541629704 0.541629704 0.541629704 0.541629704 0.541629704 0.541629704 0.541629704 0.541629704 0.541629704 0.541629704 0.541629704 0.541629704 0.541629704 0.541629704 0.541629704 0.541629704 0.541629704 0.541629704 
4 0.582603778 0.582603778 0.582603778 0.582603778 0.582603778 0.582603778 0.582603778 0.582603778 0.582603778 0.582603778 0.582603778 0.582603778 0.582603778 0.582603778 0.582603778 0.582603778 0.582603778 0.582603778 0.582603778 0.582603778 0.582603778 0.582603778 0.582603778 0.582603778 0.582603778 0.582603778 0.582603778 0.582603778 0.582603778 0.582603778 0.582603778 0.582603778 0.582603778 0.582603778 0.582603778 0.582603778 0.582603778 0.582603778 0.582603778 0.582603778 0.582603778 
5 0.120075941 0.120075941 0.120075941 0.120075941 0.120075941 0.120075941 0.120075941 0.120075941 0.120075941 0.120075941 0.120075941 0.120075941 0.120075941 0.120075941 0.120075941 0.120075941 0.120075941 0.120075941 0.120075941 0.120075941 0.120075941 0.120075941 0.120075941 0.120075941 0.120075941 0.120075941 0.120075941 0.120075941 0.120075941 0.120075941 0.120075941 0.120075941 0.120075941 0.120075941 0.120075941 0.120075941 0.120075941 0.120075941 0.120075941 0.120075941 0.120075941 
6 0 0 0 0 0 0 0 0 0 0 0 0 0 0 0 0 0 0 0 0 0 0 0 0 0 0 0 0 0 0 0 0 0 0 0 0 0 0 0 0 0 
7 0 0 0 0 0 0 0 0 0 0 0 0 0 0 0 0 0 0 0 0 0 0 0 0 0 0 0 0 0 0 0 0 0 0 0 0 0 0 0 0 0 
8 0.066685272 0.066685272 0.066685272 0.066685272 0.066685272 0.066685272 0.066685272 0.066685272 0.066685272 0.066685272 0.066685272 0.066685272 0.066685272 0.066685272 0.066685272 0.066685272 0.066685272 0.066685272 0.066685272 0.066685272 0.066685272 0.066685272 0.066685272 0.066685272 0.066685272 0.066685272 0.066685272 0.066685272 0.066685272 0.066685272 0.066685272 0.066685272 0.066685272 0.066685272 0.066685272 0.066685272 0.066685272 0.066685272 0.066685272 0.066685272 0.066685272 
9 0.541629704 0.541629704 0.541629704 0.541629704 0.541629704 0.541629704 0.541629704 0.541629704 0.541629704 0.541629704 0.541629704 0.541629704 0.541629704 0.541629704 0.541629704 0.541629704 0.541629704 0.541629704 0.541629704 0.541629704 0.541629704 0.541629704 0.541629704 0.541629704 0.541629704 0.541629704 0.541629704 0.541629704 0.541629704 0.541629704 0.541629704 0.541629704 0.541629704 0.541629704 0.541629704 0.541629704 0.541629704 0.541629704 0.541629704 0.541629704 0.541629704 
10 0.582603778 0.582603778 0.582603778 0.582603778 0.582603778 0.582603778 0.582603778 0.582603778 0.582603778 0.582603778 0.582603778 0.582603778 0.582603778 0.582603778 0.582603778 0.582603778 0.582603778 0.582603778 0.582603778 0.582603778 0.582603778 0.582603778 0.582603778 0.582603778 0.582603778 0.582603778 0.582603778 0.582603778 0.582603778 0.582603778 0.582603778 0.582603778 0.582603778 0.582603778 0.582603778 0.582603778 0.582603778 0.582603778 0.582603778 0.582603778 0.582603778 
11 0.120075941 0.120075941 0.120075941 0.120075941 0.120075941 0.120075941 0.120075941 0.120075941 0.120075941 0.120075941 0.120075941 0.120075941 0.120075941 0.120075941 0.120075941 0.120075941 0.120075941 0.120075941 0.120075941 0.120075941 0.120075941 0.120075941 0.120075941 0.120075941 0.120075941 0.120075941 0.120075941 0.120075941 0.120075941 0.120075941 0.120075941 0.120075941 0.120075941 0.120075941 0.120075941 0.120075941 0.120075941 0.120075941 0.120075941 0.120075941 0.120075941 
12 0 0 0 0 0 0 0 0 0 0 0 0 0 0 0 0 0 0 0 0 0 0 0 0 0 0 0 0 0 0 0 0 0 0 0 0 0 0 0 0 0 
13 0 0 0 0 0 0 0 0 0 0 0 0 0 0 0 0 0 0 0 0 0 0 0 0 0 0 0 0 0 0 0 0 0 0 0 0 0 0 0 0 0 
14 0.050672593 0.050672593 0.050672593 0.050672593 0.050672593 0.050672593 0.050672593 0.050672593 0.050672593 0.050672593 0.050672593 0.050672593 0.050672593 0.050672593 0.050672593 0.050672593 0.050672593 0.050672593 0.050672593 0.050672593 0.050672593 0.050672593 0.050672593 0.050672593 0.050672593 0.050672593 0.050672593 0.050672593 0.050672593 0.050672593 0.050672593 0.050672593 0.050672593 0.050672593 0.050672593 0.050672593 0.050672593 0.050672593 0.050672593 0.050672593 0.050672593 
15 0.560050586 0.560050586 0.560050586 0.560050586 0.560050586 0.560050586 0.560050586 0.560050586 0.560050586 0.560050586 0.560050586 0.560050586 0.560050586 0.560050586 0.560050586 0.560050586 0.560050586 0.560050586 0.560050586 0.560050586 0.560050586 0.560050586 0.560050586 0.560050586 0.560050586 0.560050586 0.560050586 0.560050586 0.560050586 0.560050586 0.560050586 0.560050586 0.560050586 0.560050586 0.560050586 0.560050586 0.560050586 0.560050586 0.560050586 0.560050586 0.560050586 
16 0.591866844 0.591866844 0.591866844 0.591866844 0.591866844 0.591866844 0.591866844 0.591866844 0.591866844 0.591866844 0.591866844 0.591866844 0.591866844 0.591866844 0.591866844 0.591866844 0.591866844 0.591866844 0.591866844 0.591866844 0.591866844 0.591866844 0.591866844 0.591866844 0.591866844 0.591866844 0.591866844 0.591866844 0.591866844 0.591866844 0.591866844 0.591866844 0.591866844 0.591866844 0.591866844 0.591866844 0.591866844 0.591866844 0.591866844 0.591866844 0.591866844 
17 0.094271634 0.094271634 0.094271634 0.094271634 0.094271634 0.094271634 0.094271634 0.094271634 0.094271634 0.094271634 0.094271634 0.094271634 0.094271634 0.094271634 0.094271634 0.094271634 0.094271634 0.094271634 0.094271634 0.094271634 0.094271634 0.094271634 0.094271634 0.094271634 0.094271634 0.094271634 0.094271634 0.094271634 0.094271634 0.094271634 0.094271634 0.094271634 0.094271634 0.094271634 0.094271634 0.094271634 0.094271634 0.094271634 0.094271634 0.094271634 0.094271634 
18 0 0 0 0 0 0 0 0 0 0 0 0 0 0 0 0 0 0 0 0 0 0 0 0 0 0 0 0 0 0 0 0 0 0 0 0 0 0 0 0 0 
19 0 0 0 0 0 0 0 0 0 0 0 0 0 0 0 0 0 0 0 0 0 0 0 0 0 0 0 0 0 0 0 0 0 0 0 0 0 0 0 0 0 
20 0.050672593 0.050672593 0.050672593 0.050672593 0.050672593 0.050672593 0.050672593 0.050672593 0.050672593 0.050672593 0.050672593 0.050672593 0.050672593 0.050672593 0.050672593 0.050672593 0.050672593 0.050672593 0.050672593 0.050672593 0.050672593 0.050672593 0.050672593 0.050672593 0.050672593 0.050672593 0.050672593 0.050672593 0.050672593 0.050672593 0.050672593 0.050672593 0.050672593 0.050672593 0.050672593 0.050672593 0.050672593 0.050672593 0.050672593 0.050672593 0.050672593 
21 0.560050586 0.560050586 0.560050586 0.560050586 0.560050586 0.560050586 0.560050586 0.560050586 0.560050586 0.560050586 0.560050586 0.560050586 0.560050586 0.560050586 0.560050586 0.560050586 0.560050586 0.560050586 0.560050586 0.560050586 0.560050586 0.560050586 0.560050586 0.560050586 0.560050586 0.560050586 0.560050586 0.560050586 0.560050586 0.560050586 0.560050586 0.560050586 0.560050586 0.560050586 0.560050586 0.560050586 0.560050586 0.560050586 0.560050586 0.560050586 0.560050586 
22 0.591866844 0.591866844 0.591866844 0.591866844 0.591866844 0.591866844 0.591866844 0.591866844 0.591866844 0.591866844 0.591866844 0.591866844 0.591866844 0.591866844 0.591866844 0.591866844 0.591866844 0.591866844 0.591866844 0.591866844 0.591866844 0.591866844 0.591866844 0.591866844 0.591866844 0.591866844 0.591866844 0.591866844 0.591866844 0.591866844 0.591866844 0.591866844 0.591866844 0.591866844 0.591866844 0.591866844 0.591866844 0.591866844 0.591866844 0.591866844 0.591866844 
23 0.094271634 0.094271634 0.094271634 0.094271634 0.094271634 0.094271634 0.094271634 0.094271634 0.094271634 0.094271634 0.094271634 0.094271634 0.094271634 0.094271634 0.094271634 0.094271634 0.094271634 0.094271634 0.094271634 0.094271634 0.094271634 0.094271634 0.094271634 0.094271634 0.094271634 0.094271634 0.094271634 0.094271634 0.094271634 0.094271634 0.094271634 0.094271634 0.094271634 0.094271634 0.094271634 0.094271634 0.094271634 0.094271634 0.094271634 0.094271634 0.094271634 
24 0 0 0 0 0 0 0 0 0 0 0 0 0 0 0 0 0 0 0 0 0 0 0 0 0 0 0 0 0 0 0 0 0 0 0 0 0 0 0 0 0 
25 0 0 0 0 0 0 0 0 0 0 0 0 0 0 0 0 0 0 0 0 0 0 0 0 0 0 0 0 0 0 0 0 0 0 0 0 0 0 0 0 0 
26 0.034777394 0.034777394 0.034777394 0.034777394 0.034777394 0.034777394 0.034777394 0.034777394 0.034777394 0.034777394 0.034777394 0.034777394 0.034777394 0.034777394 0.034777394 0.034777394 0.034777394 0.034777394 0.034777394 0.034777394 0.034777394 0.034777394 0.034777394 0.034777394 0.034777394 0.034777394 0.034777394 0.034777394 0.034777394 0.034777394 0.034777394 0.034777394 0.034777394 0.034777394 0.034777394 0.034777394 0.034777394 0.034777394 0.034777394 0.034777394 0.034777394 
27 0.54198957 0.54198957 0.54198957 0.54198957 0.54198957 0.54198957 0.54198957 0.54198957 0.54198957 0.54198957 0.54198957 0.54198957 0.54198957 0.54198957 0.54198957 0.54198957 0.54198957 0.54198957 0.54198957 0.54198957 0.54198957 0.54198957 0.54198957 0.54198957 0.54198957 0.54198957 0.54198957 0.54198957 0.54198957 0.54198957 0.54198957 0.54198957 0.54198957 0.54198957 0.54198957 0.54198957 0.54198957 0.54198957 0.54198957 0.54198957 0.54198957 
28 0.593481627 0.593481627 0.593481627 0.593481627 0.593481627 0.593481627 0.593481627 0.593481627 0.593481627 0.593481627 0.593481627 0.593481627 0.593481627 0.593481627 0.593481627 0.593481627 0.593481627 0.593481627 0.593481627 0.593481627 0.593481627 0.593481627 0.593481627 0.593481627 0.593481627 0.593481627 0.593481627 0.593481627 0.593481627 0.593481627 0.593481627 0.593481627 0.593481627 0.593481627 0.593481627 0.593481627 0.593481627 0.593481627 0.593481627 0.593481627 0.593481627 
29 0.061882702 0.061882702 0.061882702 0.061882702 0.061882702 0.061882702 0.061882702 0.061882702 0.061882702 0.061882702 0.061882702 0.061882702 0.061882702 0.061882702 0.061882702 0.061882702 0.061882702 0.061882702 0.061882702 0.061882702 0.061882702 0.061882702 0.061882702 0.061882702 0.061882702 0.061882702 0.061882702 0.061882702 0.061882702 0.061882702 0.061882702 0.061882702 0.061882702 0.061882702 0.061882702 0.061882702 0.061882702 0.061882702 0.061882702 0.061882702 0.061882702 
30 0 0 0 0 0 0 0 0 0 0 0 0 0 0 0 0 0 0 0 0 0 0 0 0 0 0 0 0 0 0 0 0 0 0 0 0 0 0 0 0 0 
31 0 0 0 0 0 0 0 0 0 0 0 0 0 0 0 0 0 0 0 0 0 0 0 0 0 0 0 0 0 0 0 0 0 0 0 0 0 0 0 0 0 
32 0.034777394 0.034777394 0.034777394 0.034777394 0.034777394 0.034777394 0.034777394 0.034777394 0.034777394 0.034777394 0.034777394 0.034777394 0.034777394 0.034777394 0.034777394 0.034777394 0.034777394 0.034777394 0.034777394 0.034777394 0.034777394 0.034777394 0.034777394 0.034777394 0.034777394 0.034777394 0.034777394 0.034777394 0.034777394 0.034777394 0.034777394 0.034777394 0.034777394 0.034777394 0.034777394 0.034777394 0.034777394 0.034777394 0.034777394 0.034777394 0.034777394 
33 0.54198957 0.54198957 0.54198957 0.54198957 0.54198957 0.54198957 0.54198957 0.54198957 0.54198957 0.54198957 0.54198957 0.54198957 0.54198957 0.54198957 0.54198957 0.54198957 0.54198957 0.54198957 0.54198957 0.54198957 0.54198957 0.54198957 0.54198957 0.54198957 0.54198957 0.54198957 0.54198957 0.54198957 0.54198957 0.54198957 0.54198957 0.54198957 0.54198957 0.54198957 0.54198957 0.54198957 0.54198957 0.54198957 0.54198957 0.54198957 0.54198957 
34 0.593481627 0.593481627 0.593481627 0.593481627 0.593481627 0.593481627 0.593481627 0.593481627 0.593481627 0.593481627 0.593481627 0.593481627 0.593481627 0.593481627 0.593481627 0.593481627 0.593481627 0.593481627 0.593481627 0.593481627 0.593481627 0.593481627 0.593481627 0.593481627 0.593481627 0.593481627 0.593481627 0.593481627 0.593481627 0.593481627 0.593481627 0.593481627 0.593481627 0.593481627 0.593481627 0.593481627 0.593481627 0.593481627 0.593481627 0.593481627 0.593481627 
35 0.061882702 0.061882702 0.061882702 0.061882702 0.061882702 0.061882702 0.061882702 0.061882702 0.061882702 0.061882702 0.061882702 0.061882702 0.061882702 0.061882702 0.061882702 0.061882702 0.061882702 0.061882702 0.061882702 0.061882702 0.061882702 0.061882702 0.061882702 0.061882702 0.061882702 0.061882702 0.061882702 0.061882702 0.061882702 0.061882702 0.061882702 0.061882702 0.061882702 0.061882702 0.061882702 0.061882702 0.061882702 0.061882702 0.061882702 0.061882702 0.061882702 
36 0 0 0 0 0 0 0 0 0 0 0 0 0 0 0 0 0 0 0 0 0 0 0 0 0 0 0 0 0 0 0 0 0 0 0 0 0 0 0 0 0 
37 0 0 0 0 0 0 0 0 0 0 0 0 0 0 0 0 0 0 0 0 0 0 0 0 0 0 0 0 0 0 0 0 0 0 0 0 0 0 0 0 0 
38 0.06283631 0.06283631 0.06283631 0.06283631 0.06283631 0.06283631 0.06283631 0.06283631 0.06283631 0.06283631 0.06283631 0.06283631 0.06283631 0.06283631 0.06283631 0.06283631 0.06283631 0.06283631 0.06283631 0.06283631 0.06283631 0.06283631 0.06283631 0.06283631 0.06283631 0.06283631 0.06283631 0.06283631 0.06283631 0.06283631 0.06283631 0.06283631 0.06283631 0.06283631 0.06283631 0.06283631 0.06283631 0.06283631 0.06283631 0.06283631 0.06283631 
39 0.567128338 0.567128338 0.567128338 0.567128338 0.567128338 0.567128338 0.567128338 0.567128338 0.567128338 0.567128338 0.567128338 0.567128338 0.567128338 0.567128338 0.567128338 0.567128338 0.567128338 0.567128338 0.567128338 0.567128338 0.567128338 0.567128338 0.567128338 0.567128338 0.567128338 0.567128338 0.567128338 0.567128338 0.567128338 0.567128338 0.567128338 0.567128338 0.567128338 0.567128338 0.567128338 0.567128338 0.567128338 0.567128338 0.567128338 0.567128338 0.567128338 
40 0.615378964 0.615378964 0.615378964 0.615378964 0.615378964 0.615378964 0.615378964 0.615378964 0.615378964 0.615378964 0.615378964 0.615378964 0.615378964 0.615378964 0.615378964 0.615378964 0.615378964 0.615378964 0.615378964 0.615378964 0.615378964 0.615378964 0.615378964 0.615378964 0.615378964 0.615378964 0.615378964 0.615378964 0.615378964 0.615378964 0.615378964 0.615378964 0.615378964 0.615378964 0.615378964 0.615378964 0.615378964 0.615378964 0.615378964 0.615378964 0.615378964 
41 0.102266676 0.102266676 0.102266676 0.102266676 0.102266676 0.102266676 0.102266676 0.102266676 0.102266676 0.102266676 0.102266676 0.102266676 0.102266676 0.102266676 0.102266676 0.102266676 0.102266676 0.102266676 0.102266676 0.102266676 0.102266676 0.102266676 0.102266676 0.102266676 0.102266676 0.102266676 0.102266676 0.102266676 0.102266676 0.102266676 0.102266676 0.102266676 0.102266676 0.102266676 0.102266676 0.102266676 0.102266676 0.102266676 0.102266676 0.102266676 0.102266676 
42 0 0 0 0 0 0 0 0 0 0 0 0 0 0 0 0 0 0 0 0 0 0 0 0 0 0 0 0 0 0 0 0 0 0 0 0 0 0 0 0 0 
43 0 0 0 0 0 0 0 0 0 0 0 0 0 0 0 0 0 0 0 0 0 0 0 0 0 0 0 0 0 0 0 0 0 0 0 0 0 0 0 0 0 
44 0.06283631 0.06283631 0.06283631 0.06283631 0.06283631 0.06283631 0.06283631 0.06283631 0.06283631 0.06283631 0.06283631 0.06283631 0.06283631 0.06283631 0.06283631 0.06283631 0.06283631 0.06283631 0.06283631 0.06283631 0.06283631 0.06283631 0.06283631 0.06283631 0.06283631 0.06283631 0.06283631 0.06283631 0.06283631 0.06283631 0.06283631 0.06283631 0.06283631 0.06283631 0.06283631 0.06283631 0.06283631 0.06283631 0.06283631 0.06283631 0.06283631 
45 0.567128338 0.567128338 0.567128338 0.567128338 0.567128338 0.567128338 0.567128338 0.567128338 0.567128338 0.567128338 0.567128338 0.567128338 0.567128338 0.567128338 0.567128338 0.567128338 0.567128338 0.567128338 0.567128338 0.567128338 0.567128338 0.567128338 0.567128338 0.567128338 0.567128338 0.567128338 0.567128338 0.567128338 0.567128338 0.567128338 0.567128338 0.567128338 0.567128338 0.567128338 0.567128338 0.567128338 0.567128338 0.567128338 0.567128338 0.567128338 0.567128338 
46 0.615378964 0.615378964 0.615378964 0.615378964 0.615378964 0.615378964 0.615378964 0.615378964 0.615378964 0.615378964 0.615378964 0.615378964 0.615378964 0.615378964 0.615378964 0.615378964 0.615378964 0.615378964 0.615378964 0.615378964 0.615378964 0.615378964 0.615378964 0.615378964 0.615378964 0.615378964 0.615378964 0.615378964 0.615378964 0.615378964 0.615378964 0.615378964 0.615378964 0.615378964 0.615378964 0.615378964 0.615378964 0.615378964 0.615378964 0.615378964 0.615378964 
47 0.102266676 0.102266676 0.102266676 0.102266676 0.102266676 0.102266676 0.102266676 0.102266676 0.102266676 0.102266676 0.102266676 0.102266676 0.102266676 0.102266676 0.102266676 0.102266676 0.102266676 0.102266676 0.102266676 0.102266676 0.102266676 0.102266676 0.102266676 0.102266676 0.102266676 0.102266676 0.102266676 0.102266676 0.102266676 0.102266676 0.102266676 0.102266676 0.102266676 0.102266676 0.102266676 0.102266676 0.102266676 0.102266676 0.102266676 0.102266676 0.102266676 
48 0 0 0 0 0 0 0 0 0 0 0 0 0 0 0 0 0 0 0 0 0 0 0 0 0 0 0 0 0 0 0 0 0 0 0 0 0 0 0 0 0 
49 0 0 0 0 0 0 0 0 0 0 0 0 0 0 0 0 0 0 0 0 0 0 0 0 0 0 0 0 0 0 0 0 0 0 0 0 0 0 0 0 0 
50 0 0 0 0 0 0 0 0 0 0 0 0 0 0 0 0 0 0 0 0 0 0 0 0 0 0 0 0 0 0 0 0 0 0 0 0 0 0 0 0 0 
51 0 0 0 0 0 0 0 0 0 0 0 0 0 0 0 0 0 0 0 0 0 0 0 0 0 0 0 0 0 0 0 0 0 0 0 0 0 0 0 0 0 
52 0 0 0 0 0 0 0 0 0 0 0 0 0 0 0 0 0 0 0 0 0 0 0 0 0 0 0 0 0 0 0 0 0 0 0 0 0 0 0 0 0 
53 0 0 0 0 0 0 0 0 0 0 0 0 0 0 0 0 0 0 0 0 0 0 0 0 0 0 0 0 0 0 0 0 0 0 0 0 0 0 0 0 0 
54 0 0 0 0 0 0 0 0 0 0 0 0 0 0 0 0 0 0 0 0 0 0 0 0 0 0 0 0 0 0 0 0 0 0 0 0 0 0 0 0 0 
[RE1,RSA_POW_PP_PV_DIST,*,*]: 
2020 2021 2022 2023 2024 2025 2026 2027 2028 2029 2030 2031 2032 2033 2034 2035 2036 2037 2038 2039 2040 2041 2042 2043 2044 2045 2046 2047 2048 2049 2050 2051 2052 2053 2054 2055 2056 2057 2058 2059 2060 :=
1 0 0 0 0 0 0 0 0 0 0 0 0 0 0 0 0 0 0 0 0 0 0 0 0 0 0 0 0 0 0 0 0 0 0 0 0 0 0 0 0 0 
2 0 0 0 0 0 0 0 0 0 0 0 0 0 0 0 0 0 0 0 0 0 0 0 0 0 0 0 0 0 0 0 0 0 0 0 0 0 0 0 0 0 
3 0 0 0 0 0 0 0 0 0 0 0 0 0 0 0 0 0 0 0 0 0 0 0 0 0 0 0 0 0 0 0 0 0 0 0 0 0 0 0 0 0 
4 0 0 0 0 0 0 0 0 0 0 0 0 0 0 0 0 0 0 0 0 0 0 0 0 0 0 0 0 0 0 0 0 0 0 0 0 0 0 0 0 0 
5 0 0 0 0 0 0 0 0 0 0 0 0 0 0 0 0 0 0 0 0 0 0 0 0 0 0 0 0 0 0 0 0 0 0 0 0 0 0 0 0 0 
6 0 0 0 0 0 0 0 0 0 0 0 0 0 0 0 0 0 0 0 0 0 0 0 0 0 0 0 0 0 0 0 0 0 0 0 0 0 0 0 0 0 
7 0 0 0 0 0 0 0 0 0 0 0 0 0 0 0 0 0 0 0 0 0 0 0 0 0 0 0 0 0 0 0 0 0 0 0 0 0 0 0 0 0 
8 0 0 0 0 0 0 0 0 0 0 0 0 0 0 0 0 0 0 0 0 0 0 0 0 0 0 0 0 0 0 0 0 0 0 0 0 0 0 0 0 0 
9 0 0 0 0 0 0 0 0 0 0 0 0 0 0 0 0 0 0 0 0 0 0 0 0 0 0 0 0 0 0 0 0 0 0 0 0 0 0 0 0 0 
10 0 0 0 0 0 0 0 0 0 0 0 0 0 0 0 0 0 0 0 0 0 0 0 0 0 0 0 0 0 0 0 0 0 0 0 0 0 0 0 0 0 
11 0 0 0 0 0 0 0 0 0 0 0 0 0 0 0 0 0 0 0 0 0 0 0 0 0 0 0 0 0 0 0 0 0 0 0 0 0 0 0 0 0 
12 0 0 0 0 0 0 0 0 0 0 0 0 0 0 0 0 0 0 0 0 0 0 0 0 0 0 0 0 0 0 0 0 0 0 0 0 0 0 0 0 0 
13 0 0 0 0 0 0 0 0 0 0 0 0 0 0 0 0 0 0 0 0 0 0 0 0 0 0 0 0 0 0 0 0 0 0 0 0 0 0 0 0 0 
14 0 0 0 0 0 0 0 0 0 0 0 0 0 0 0 0 0 0 0 0 0 0 0 0 0 0 0 0 0 0 0 0 0 0 0 0 0 0 0 0 0 
15 0 0 0 0 0 0 0 0 0 0 0 0 0 0 0 0 0 0 0 0 0 0 0 0 0 0 0 0 0 0 0 0 0 0 0 0 0 0 0 0 0 
16 0 0 0 0 0 0 0 0 0 0 0 0 0 0 0 0 0 0 0 0 0 0 0 0 0 0 0 0 0 0 0 0 0 0 0 0 0 0 0 0 0 
17 0 0 0 0 0 0 0 0 0 0 0 0 0 0 0 0 0 0 0 0 0 0 0 0 0 0 0 0 0 0 0 0 0 0 0 0 0 0 0 0 0 
18 0 0 0 0 0 0 0 0 0 0 0 0 0 0 0 0 0 0 0 0 0 0 0 0 0 0 0 0 0 0 0 0 0 0 0 0 0 0 0 0 0 
19 0 0 0 0 0 0 0 0 0 0 0 0 0 0 0 0 0 0 0 0 0 0 0 0 0 0 0 0 0 0 0 0 0 0 0 0 0 0 0 0 0 
20 0 0 0 0 0 0 0 0 0 0 0 0 0 0 0 0 0 0 0 0 0 0 0 0 0 0 0 0 0 0 0 0 0 0 0 0 0 0 0 0 0 
21 0 0 0 0 0 0 0 0 0 0 0 0 0 0 0 0 0 0 0 0 0 0 0 0 0 0 0 0 0 0 0 0 0 0 0 0 0 0 0 0 0 
22 0 0 0 0 0 0 0 0 0 0 0 0 0 0 0 0 0 0 0 0 0 0 0 0 0 0 0 0 0 0 0 0 0 0 0 0 0 0 0 0 0 
23 0 0 0 0 0 0 0 0 0 0 0 0 0 0 0 0 0 0 0 0 0 0 0 0 0 0 0 0 0 0 0 0 0 0 0 0 0 0 0 0 0 
24 0 0 0 0 0 0 0 0 0 0 0 0 0 0 0 0 0 0 0 0 0 0 0 0 0 0 0 0 0 0 0 0 0 0 0 0 0 0 0 0 0 
25 0 0 0 0 0 0 0 0 0 0 0 0 0 0 0 0 0 0 0 0 0 0 0 0 0 0 0 0 0 0 0 0 0 0 0 0 0 0 0 0 0 
26 0 0 0 0 0 0 0 0 0 0 0 0 0 0 0 0 0 0 0 0 0 0 0 0 0 0 0 0 0 0 0 0 0 0 0 0 0 0 0 0 0 
27 0 0 0 0 0 0 0 0 0 0 0 0 0 0 0 0 0 0 0 0 0 0 0 0 0 0 0 0 0 0 0 0 0 0 0 0 0 0 0 0 0 
28 0 0 0 0 0 0 0 0 0 0 0 0 0 0 0 0 0 0 0 0 0 0 0 0 0 0 0 0 0 0 0 0 0 0 0 0 0 0 0 0 0 
29 0 0 0 0 0 0 0 0 0 0 0 0 0 0 0 0 0 0 0 0 0 0 0 0 0 0 0 0 0 0 0 0 0 0 0 0 0 0 0 0 0 
30 0 0 0 0 0 0 0 0 0 0 0 0 0 0 0 0 0 0 0 0 0 0 0 0 0 0 0 0 0 0 0 0 0 0 0 0 0 0 0 0 0 
31 0 0 0 0 0 0 0 0 0 0 0 0 0 0 0 0 0 0 0 0 0 0 0 0 0 0 0 0 0 0 0 0 0 0 0 0 0 0 0 0 0 
32 0 0 0 0 0 0 0 0 0 0 0 0 0 0 0 0 0 0 0 0 0 0 0 0 0 0 0 0 0 0 0 0 0 0 0 0 0 0 0 0 0 
33 0 0 0 0 0 0 0 0 0 0 0 0 0 0 0 0 0 0 0 0 0 0 0 0 0 0 0 0 0 0 0 0 0 0 0 0 0 0 0 0 0 
34 0 0 0 0 0 0 0 0 0 0 0 0 0 0 0 0 0 0 0 0 0 0 0 0 0 0 0 0 0 0 0 0 0 0 0 0 0 0 0 0 0 
35 0 0 0 0 0 0 0 0 0 0 0 0 0 0 0 0 0 0 0 0 0 0 0 0 0 0 0 0 0 0 0 0 0 0 0 0 0 0 0 0 0 
36 0 0 0 0 0 0 0 0 0 0 0 0 0 0 0 0 0 0 0 0 0 0 0 0 0 0 0 0 0 0 0 0 0 0 0 0 0 0 0 0 0 
37 0 0 0 0 0 0 0 0 0 0 0 0 0 0 0 0 0 0 0 0 0 0 0 0 0 0 0 0 0 0 0 0 0 0 0 0 0 0 0 0 0 
38 0 0 0 0 0 0 0 0 0 0 0 0 0 0 0 0 0 0 0 0 0 0 0 0 0 0 0 0 0 0 0 0 0 0 0 0 0 0 0 0 0 
39 0 0 0 0 0 0 0 0 0 0 0 0 0 0 0 0 0 0 0 0 0 0 0 0 0 0 0 0 0 0 0 0 0 0 0 0 0 0 0 0 0 
40 0 0 0 0 0 0 0 0 0 0 0 0 0 0 0 0 0 0 0 0 0 0 0 0 0 0 0 0 0 0 0 0 0 0 0 0 0 0 0 0 0 
41 0 0 0 0 0 0 0 0 0 0 0 0 0 0 0 0 0 0 0 0 0 0 0 0 0 0 0 0 0 0 0 0 0 0 0 0 0 0 0 0 0 
42 0 0 0 0 0 0 0 0 0 0 0 0 0 0 0 0 0 0 0 0 0 0 0 0 0 0 0 0 0 0 0 0 0 0 0 0 0 0 0 0 0 
43 0 0 0 0 0 0 0 0 0 0 0 0 0 0 0 0 0 0 0 0 0 0 0 0 0 0 0 0 0 0 0 0 0 0 0 0 0 0 0 0 0 
44 0 0 0 0 0 0 0 0 0 0 0 0 0 0 0 0 0 0 0 0 0 0 0 0 0 0 0 0 0 0 0 0 0 0 0 0 0 0 0 0 0 
45 0 0 0 0 0 0 0 0 0 0 0 0 0 0 0 0 0 0 0 0 0 0 0 0 0 0 0 0 0 0 0 0 0 0 0 0 0 0 0 0 0 
46 0 0 0 0 0 0 0 0 0 0 0 0 0 0 0 0 0 0 0 0 0 0 0 0 0 0 0 0 0 0 0 0 0 0 0 0 0 0 0 0 0 
47 0 0 0 0 0 0 0 0 0 0 0 0 0 0 0 0 0 0 0 0 0 0 0 0 0 0 0 0 0 0 0 0 0 0 0 0 0 0 0 0 0 
48 0 0 0 0 0 0 0 0 0 0 0 0 0 0 0 0 0 0 0 0 0 0 0 0 0 0 0 0 0 0 0 0 0 0 0 0 0 0 0 0 0 
49 0 0 0 0 0 0 0 0 0 0 0 0 0 0 0 0 0 0 0 0 0 0 0 0 0 0 0 0 0 0 0 0 0 0 0 0 0 0 0 0 0 
50 0 0 0 0 0 0 0 0 0 0 0 0 0 0 0 0 0 0 0 0 0 0 0 0 0 0 0 0 0 0 0 0 0 0 0 0 0 0 0 0 0 
51 0 0 0 0 0 0 0 0 0 0 0 0 0 0 0 0 0 0 0 0 0 0 0 0 0 0 0 0 0 0 0 0 0 0 0 0 0 0 0 0 0 
52 0 0 0 0 0 0 0 0 0 0 0 0 0 0 0 0 0 0 0 0 0 0 0 0 0 0 0 0 0 0 0 0 0 0 0 0 0 0 0 0 0 
53 0 0 0 0 0 0 0 0 0 0 0 0 0 0 0 0 0 0 0 0 0 0 0 0 0 0 0 0 0 0 0 0 0 0 0 0 0 0 0 0 0 
54 0 0 0 0 0 0 0 0 0 0 0 0 0 0 0 0 0 0 0 0 0 0 0 0 0 0 0 0 0 0 0 0 0 0 0 0 0 0 0 0 0 
[RE1,RSA_POW_STO_BAT_IN,*,*]: 
2020 2021 2022 2023 2024 2025 2026 2027 2028 2029 2030 2031 2032 2033 2034 2035 2036 2037 2038 2039 2040 2041 2042 2043 2044 2045 2046 2047 2048 2049 2050 2051 2052 2053 2054 2055 2056 2057 2058 2059 2060 :=
49 0 0 0 0 0 0 0 0 0 0 0 0 0 0 0 0 0 0 0 0 0 0 0 0 0 0 0 0 0 0 0 0 0 0 0 0 0 0 0 0 0 
50 0 0 0 0 0 0 0 0 0 0 0 0 0 0 0 0 0 0 0 0 0 0 0 0 0 0 0 0 0 0 0 0 0 0 0 0 0 0 0 0 0 
51 0 0 0 0 0 0 0 0 0 0 0 0 0 0 0 0 0 0 0 0 0 0 0 0 0 0 0 0 0 0 0 0 0 0 0 0 0 0 0 0 0 
52 0 0 0 0 0 0 0 0 0 0 0 0 0 0 0 0 0 0 0 0 0 0 0 0 0 0 0 0 0 0 0 0 0 0 0 0 0 0 0 0 0 
53 0 0 0 0 0 0 0 0 0 0 0 0 0 0 0 0 0 0 0 0 0 0 0 0 0 0 0 0 0 0 0 0 0 0 0 0 0 0 0 0 0 
54 0 0 0 0 0 0 0 0 0 0 0 0 0 0 0 0 0 0 0 0 0 0 0 0 0 0 0 0 0 0 0 0 0 0 0 0 0 0 0 0 0 
[RE1,RSA_POW_STO_BAT_OUT,*,*]: 
2020 2021 2022 2023 2024 2025 2026 2027 2028 2029 2030 2031 2032 2033 2034 2035 2036 2037 2038 2039 2040 2041 2042 2043 2044 2045 2046 2047 2048 2049 2050 2051 2052 2053 2054 2055 2056 2057 2058 2059 2060 :=
49 0 0 0 0 0 0 0 0 0 0 0 0 0 0 0 0 0 0 0 0 0 0 0 0 0 0 0 0 0 0 0 0 0 0 0 0 0 0 0 0 0 
50 0 0 0 0 0 0 0 0 0 0 0 0 0 0 0 0 0 0 0 0 0 0 0 0 0 0 0 0 0 0 0 0 0 0 0 0 0 0 0 0 0 
51 0 0 0 0 0 0 0 0 0 0 0 0 0 0 0 0 0 0 0 0 0 0 0 0 0 0 0 0 0 0 0 0 0 0 0 0 0 0 0 0 0 
52 0 0 0 0 0 0 0 0 0 0 0 0 0 0 0 0 0 0 0 0 0 0 0 0 0 0 0 0 0 0 0 0 0 0 0 0 0 0 0 0 0 
53 0 0 0 0 0 0 0 0 0 0 0 0 0 0 0 0 0 0 0 0 0 0 0 0 0 0 0 0 0 0 0 0 0 0 0 0 0 0 0 0 0 
54 0 0 0 0 0 0 0 0 0 0 0 0 0 0 0 0 0 0 0 0 0 0 0 0 0 0 0 0 0 0 0 0 0 0 0 0 0 0 0 0 0 
[RE1,RSA_POW_PP_WIND,*,*]: 
2020 2021 2022 2023 2024 2025 2026 2027 2028 2029 2030 2031 2032 2033 2034 2035 2036 2037 2038 2039 2040 2041 2042 2043 2044 2045 2046 2047 2048 2049 2050 2051 2052 2053 2054 2055 2056 2057 2058 2059 2060 :=
1 0.22 0.22 0.22 0.22 0.22 0.22 0.22 0.22 0.22 0.22 0.22 0.22 0.22 0.22 0.22 0.22 0.22 0.22 0.22 0.22 0.22 0.22 0.22 0.22 0.22 0.22 0.22 0.22 0.22 0.22 0.22 0.22 0.22 0.22 0.22 0.22 0.22 0.22 0.22 0.22 0.22 
2 0.22 0.22 0.22 0.22 0.22 0.22 0.22 0.22 0.22 0.22 0.22 0.22 0.22 0.22 0.22 0.22 0.22 0.22 0.22 0.22 0.22 0.22 0.22 0.22 0.22 0.22 0.22 0.22 0.22 0.22 0.22 0.22 0.22 0.22 0.22 0.22 0.22 0.22 0.22 0.22 0.22 
3 0.22 0.22 0.22 0.22 0.22 0.22 0.22 0.22 0.22 0.22 0.22 0.22 0.22 0.22 0.22 0.22 0.22 0.22 0.22 0.22 0.22 0.22 0.22 0.22 0.22 0.22 0.22 0.22 0.22 0.22 0.22 0.22 0.22 0.22 0.22 0.22 0.22 0.22 0.22 0.22 0.22 
4 0.22 0.22 0.22 0.22 0.22 0.22 0.22 0.22 0.22 0.22 0.22 0.22 0.22 0.22 0.22 0.22 0.22 0.22 0.22 0.22 0.22 0.22 0.22 0.22 0.22 0.22 0.22 0.22 0.22 0.22 0.22 0.22 0.22 0.22 0.22 0.22 0.22 0.22 0.22 0.22 0.22 
5 0.22 0.22 0.22 0.22 0.22 0.22 0.22 0.22 0.22 0.22 0.22 0.22 0.22 0.22 0.22 0.22 0.22 0.22 0.22 0.22 0.22 0.22 0.22 0.22 0.22 0.22 0.22 0.22 0.22 0.22 0.22 0.22 0.22 0.22 0.22 0.22 0.22 0.22 0.22 0.22 0.22 
6 0.22 0.22 0.22 0.22 0.22 0.22 0.22 0.22 0.22 0.22 0.22 0.22 0.22 0.22 0.22 0.22 0.22 0.22 0.22 0.22 0.22 0.22 0.22 0.22 0.22 0.22 0.22 0.22 0.22 0.22 0.22 0.22 0.22 0.22 0.22 0.22 0.22 0.22 0.22 0.22 0.22 
7 0.46 0.46 0.46 0.46 0.46 0.46 0.46 0.46 0.46 0.46 0.46 0.46 0.46 0.46 0.46 0.46 0.46 0.46 0.46 0.46 0.46 0.46 0.46 0.46 0.46 0.46 0.46 0.46 0.46 0.46 0.46 0.46 0.46 0.46 0.46 0.46 0.46 0.46 0.46 0.46 0.46 
8 0.46 0.46 0.46 0.46 0.46 0.46 0.46 0.46 0.46 0.46 0.46 0.46 0.46 0.46 0.46 0.46 0.46 0.46 0.46 0.46 0.46 0.46 0.46 0.46 0.46 0.46 0.46 0.46 0.46 0.46 0.46 0.46 0.46 0.46 0.46 0.46 0.46 0.46 0.46 0.46 0.46 
9 0.46 0.46 0.46 0.46 0.46 0.46 0.46 0.46 0.46 0.46 0.46 0.46 0.46 0.46 0.46 0.46 0.46 0.46 0.46 0.46 0.46 0.46 0.46 0.46 0.46 0.46 0.46 0.46 0.46 0.46 0.46 0.46 0.46 0.46 0.46 0.46 0.46 0.46 0.46 0.46 0.46 
10 0.46 0.46 0.46 0.46 0.46 0.46 0.46 0.46 0.46 0.46 0.46 0.46 0.46 0.46 0.46 0.46 0.46 0.46 0.46 0.46 0.46 0.46 0.46 0.46 0.46 0.46 0.46 0.46 0.46 0.46 0.46 0.46 0.46 0.46 0.46 0.46 0.46 0.46 0.46 0.46 0.46 
11 0.46 0.46 0.46 0.46 0.46 0.46 0.46 0.46 0.46 0.46 0.46 0.46 0.46 0.46 0.46 0.46 0.46 0.46 0.46 0.46 0.46 0.46 0.46 0.46 0.46 0.46 0.46 0.46 0.46 0.46 0.46 0.46 0.46 0.46 0.46 0.46 0.46 0.46 0.46 0.46 0.46 
12 0.46 0.46 0.46 0.46 0.46 0.46 0.46 0.46 0.46 0.46 0.46 0.46 0.46 0.46 0.46 0.46 0.46 0.46 0.46 0.46 0.46 0.46 0.46 0.46 0.46 0.46 0.46 0.46 0.46 0.46 0.46 0.46 0.46 0.46 0.46 0.46 0.46 0.46 0.46 0.46 0.46 
13 0.22 0.22 0.22 0.22 0.22 0.22 0.22 0.22 0.22 0.22 0.22 0.22 0.22 0.22 0.22 0.22 0.22 0.22 0.22 0.22 0.22 0.22 0.22 0.22 0.22 0.22 0.22 0.22 0.22 0.22 0.22 0.22 0.22 0.22 0.22 0.22 0.22 0.22 0.22 0.22 0.22 
14 0.22 0.22 0.22 0.22 0.22 0.22 0.22 0.22 0.22 0.22 0.22 0.22 0.22 0.22 0.22 0.22 0.22 0.22 0.22 0.22 0.22 0.22 0.22 0.22 0.22 0.22 0.22 0.22 0.22 0.22 0.22 0.22 0.22 0.22 0.22 0.22 0.22 0.22 0.22 0.22 0.22 
15 0.22 0.22 0.22 0.22 0.22 0.22 0.22 0.22 0.22 0.22 0.22 0.22 0.22 0.22 0.22 0.22 0.22 0.22 0.22 0.22 0.22 0.22 0.22 0.22 0.22 0.22 0.22 0.22 0.22 0.22 0.22 0.22 0.22 0.22 0.22 0.22 0.22 0.22 0.22 0.22 0.22 
16 0.22 0.22 0.22 0.22 0.22 0.22 0.22 0.22 0.22 0.22 0.22 0.22 0.22 0.22 0.22 0.22 0.22 0.22 0.22 0.22 0.22 0.22 0.22 0.22 0.22 0.22 0.22 0.22 0.22 0.22 0.22 0.22 0.22 0.22 0.22 0.22 0.22 0.22 0.22 0.22 0.22 
17 0.22 0.22 0.22 0.22 0.22 0.22 0.22 0.22 0.22 0.22 0.22 0.22 0.22 0.22 0.22 0.22 0.22 0.22 0.22 0.22 0.22 0.22 0.22 0.22 0.22 0.22 0.22 0.22 0.22 0.22 0.22 0.22 0.22 0.22 0.22 0.22 0.22 0.22 0.22 0.22 0.22 
18 0.22 0.22 0.22 0.22 0.22 0.22 0.22 0.22 0.22 0.22 0.22 0.22 0.22 0.22 0.22 0.22 0.22 0.22 0.22 0.22 0.22 0.22 0.22 0.22 0.22 0.22 0.22 0.22 0.22 0.22 0.22 0.22 0.22 0.22 0.22 0.22 0.22 0.22 0.22 0.22 0.22 
19 0.46 0.46 0.46 0.46 0.46 0.46 0.46 0.46 0.46 0.46 0.46 0.46 0.46 0.46 0.46 0.46 0.46 0.46 0.46 0.46 0.46 0.46 0.46 0.46 0.46 0.46 0.46 0.46 0.46 0.46 0.46 0.46 0.46 0.46 0.46 0.46 0.46 0.46 0.46 0.46 0.46 
20 0.46 0.46 0.46 0.46 0.46 0.46 0.46 0.46 0.46 0.46 0.46 0.46 0.46 0.46 0.46 0.46 0.46 0.46 0.46 0.46 0.46 0.46 0.46 0.46 0.46 0.46 0.46 0.46 0.46 0.46 0.46 0.46 0.46 0.46 0.46 0.46 0.46 0.46 0.46 0.46 0.46 
21 0.46 0.46 0.46 0.46 0.46 0.46 0.46 0.46 0.46 0.46 0.46 0.46 0.46 0.46 0.46 0.46 0.46 0.46 0.46 0.46 0.46 0.46 0.46 0.46 0.46 0.46 0.46 0.46 0.46 0.46 0.46 0.46 0.46 0.46 0.46 0.46 0.46 0.46 0.46 0.46 0.46 
22 0.46 0.46 0.46 0.46 0.46 0.46 0.46 0.46 0.46 0.46 0.46 0.46 0.46 0.46 0.46 0.46 0.46 0.46 0.46 0.46 0.46 0.46 0.46 0.46 0.46 0.46 0.46 0.46 0.46 0.46 0.46 0.46 0.46 0.46 0.46 0.46 0.46 0.46 0.46 0.46 0.46 
23 0.46 0.46 0.46 0.46 0.46 0.46 0.46 0.46 0.46 0.46 0.46 0.46 0.46 0.46 0.46 0.46 0.46 0.46 0.46 0.46 0.46 0.46 0.46 0.46 0.46 0.46 0.46 0.46 0.46 0.46 0.46 0.46 0.46 0.46 0.46 0.46 0.46 0.46 0.46 0.46 0.46 
24 0.46 0.46 0.46 0.46 0.46 0.46 0.46 0.46 0.46 0.46 0.46 0.46 0.46 0.46 0.46 0.46 0.46 0.46 0.46 0.46 0.46 0.46 0.46 0.46 0.46 0.46 0.46 0.46 0.46 0.46 0.46 0.46 0.46 0.46 0.46 0.46 0.46 0.46 0.46 0.46 0.46 
25 0.22 0.22 0.22 0.22 0.22 0.22 0.22 0.22 0.22 0.22 0.22 0.22 0.22 0.22 0.22 0.22 0.22 0.22 0.22 0.22 0.22 0.22 0.22 0.22 0.22 0.22 0.22 0.22 0.22 0.22 0.22 0.22 0.22 0.22 0.22 0.22 0.22 0.22 0.22 0.22 0.22 
26 0.22 0.22 0.22 0.22 0.22 0.22 0.22 0.22 0.22 0.22 0.22 0.22 0.22 0.22 0.22 0.22 0.22 0.22 0.22 0.22 0.22 0.22 0.22 0.22 0.22 0.22 0.22 0.22 0.22 0.22 0.22 0.22 0.22 0.22 0.22 0.22 0.22 0.22 0.22 0.22 0.22 
27 0.22 0.22 0.22 0.22 0.22 0.22 0.22 0.22 0.22 0.22 0.22 0.22 0.22 0.22 0.22 0.22 0.22 0.22 0.22 0.22 0.22 0.22 0.22 0.22 0.22 0.22 0.22 0.22 0.22 0.22 0.22 0.22 0.22 0.22 0.22 0.22 0.22 0.22 0.22 0.22 0.22 
28 0.22 0.22 0.22 0.22 0.22 0.22 0.22 0.22 0.22 0.22 0.22 0.22 0.22 0.22 0.22 0.22 0.22 0.22 0.22 0.22 0.22 0.22 0.22 0.22 0.22 0.22 0.22 0.22 0.22 0.22 0.22 0.22 0.22 0.22 0.22 0.22 0.22 0.22 0.22 0.22 0.22 
29 0.22 0.22 0.22 0.22 0.22 0.22 0.22 0.22 0.22 0.22 0.22 0.22 0.22 0.22 0.22 0.22 0.22 0.22 0.22 0.22 0.22 0.22 0.22 0.22 0.22 0.22 0.22 0.22 0.22 0.22 0.22 0.22 0.22 0.22 0.22 0.22 0.22 0.22 0.22 0.22 0.22 
30 0.22 0.22 0.22 0.22 0.22 0.22 0.22 0.22 0.22 0.22 0.22 0.22 0.22 0.22 0.22 0.22 0.22 0.22 0.22 0.22 0.22 0.22 0.22 0.22 0.22 0.22 0.22 0.22 0.22 0.22 0.22 0.22 0.22 0.22 0.22 0.22 0.22 0.22 0.22 0.22 0.22 
31 0.46 0.46 0.46 0.46 0.46 0.46 0.46 0.46 0.46 0.46 0.46 0.46 0.46 0.46 0.46 0.46 0.46 0.46 0.46 0.46 0.46 0.46 0.46 0.46 0.46 0.46 0.46 0.46 0.46 0.46 0.46 0.46 0.46 0.46 0.46 0.46 0.46 0.46 0.46 0.46 0.46 
32 0.46 0.46 0.46 0.46 0.46 0.46 0.46 0.46 0.46 0.46 0.46 0.46 0.46 0.46 0.46 0.46 0.46 0.46 0.46 0.46 0.46 0.46 0.46 0.46 0.46 0.46 0.46 0.46 0.46 0.46 0.46 0.46 0.46 0.46 0.46 0.46 0.46 0.46 0.46 0.46 0.46 
33 0.46 0.46 0.46 0.46 0.46 0.46 0.46 0.46 0.46 0.46 0.46 0.46 0.46 0.46 0.46 0.46 0.46 0.46 0.46 0.46 0.46 0.46 0.46 0.46 0.46 0.46 0.46 0.46 0.46 0.46 0.46 0.46 0.46 0.46 0.46 0.46 0.46 0.46 0.46 0.46 0.46 
34 0.46 0.46 0.46 0.46 0.46 0.46 0.46 0.46 0.46 0.46 0.46 0.46 0.46 0.46 0.46 0.46 0.46 0.46 0.46 0.46 0.46 0.46 0.46 0.46 0.46 0.46 0.46 0.46 0.46 0.46 0.46 0.46 0.46 0.46 0.46 0.46 0.46 0.46 0.46 0.46 0.46 
35 0.46 0.46 0.46 0.46 0.46 0.46 0.46 0.46 0.46 0.46 0.46 0.46 0.46 0.46 0.46 0.46 0.46 0.46 0.46 0.46 0.46 0.46 0.46 0.46 0.46 0.46 0.46 0.46 0.46 0.46 0.46 0.46 0.46 0.46 0.46 0.46 0.46 0.46 0.46 0.46 0.46 
36 0.46 0.46 0.46 0.46 0.46 0.46 0.46 0.46 0.46 0.46 0.46 0.46 0.46 0.46 0.46 0.46 0.46 0.46 0.46 0.46 0.46 0.46 0.46 0.46 0.46 0.46 0.46 0.46 0.46 0.46 0.46 0.46 0.46 0.46 0.46 0.46 0.46 0.46 0.46 0.46 0.46 
37 0.22 0.22 0.22 0.22 0.22 0.22 0.22 0.22 0.22 0.22 0.22 0.22 0.22 0.22 0.22 0.22 0.22 0.22 0.22 0.22 0.22 0.22 0.22 0.22 0.22 0.22 0.22 0.22 0.22 0.22 0.22 0.22 0.22 0.22 0.22 0.22 0.22 0.22 0.22 0.22 0.22 
38 0.22 0.22 0.22 0.22 0.22 0.22 0.22 0.22 0.22 0.22 0.22 0.22 0.22 0.22 0.22 0.22 0.22 0.22 0.22 0.22 0.22 0.22 0.22 0.22 0.22 0.22 0.22 0.22 0.22 0.22 0.22 0.22 0.22 0.22 0.22 0.22 0.22 0.22 0.22 0.22 0.22 
39 0.22 0.22 0.22 0.22 0.22 0.22 0.22 0.22 0.22 0.22 0.22 0.22 0.22 0.22 0.22 0.22 0.22 0.22 0.22 0.22 0.22 0.22 0.22 0.22 0.22 0.22 0.22 0.22 0.22 0.22 0.22 0.22 0.22 0.22 0.22 0.22 0.22 0.22 0.22 0.22 0.22 
40 0.22 0.22 0.22 0.22 0.22 0.22 0.22 0.22 0.22 0.22 0.22 0.22 0.22 0.22 0.22 0.22 0.22 0.22 0.22 0.22 0.22 0.22 0.22 0.22 0.22 0.22 0.22 0.22 0.22 0.22 0.22 0.22 0.22 0.22 0.22 0.22 0.22 0.22 0.22 0.22 0.22 
41 0.22 0.22 0.22 0.22 0.22 0.22 0.22 0.22 0.22 0.22 0.22 0.22 0.22 0.22 0.22 0.22 0.22 0.22 0.22 0.22 0.22 0.22 0.22 0.22 0.22 0.22 0.22 0.22 0.22 0.22 0.22 0.22 0.22 0.22 0.22 0.22 0.22 0.22 0.22 0.22 0.22 
42 0.22 0.22 0.22 0.22 0.22 0.22 0.22 0.22 0.22 0.22 0.22 0.22 0.22 0.22 0.22 0.22 0.22 0.22 0.22 0.22 0.22 0.22 0.22 0.22 0.22 0.22 0.22 0.22 0.22 0.22 0.22 0.22 0.22 0.22 0.22 0.22 0.22 0.22 0.22 0.22 0.22 
43 0.46 0.46 0.46 0.46 0.46 0.46 0.46 0.46 0.46 0.46 0.46 0.46 0.46 0.46 0.46 0.46 0.46 0.46 0.46 0.46 0.46 0.46 0.46 0.46 0.46 0.46 0.46 0.46 0.46 0.46 0.46 0.46 0.46 0.46 0.46 0.46 0.46 0.46 0.46 0.46 0.46 
44 0.46 0.46 0.46 0.46 0.46 0.46 0.46 0.46 0.46 0.46 0.46 0.46 0.46 0.46 0.46 0.46 0.46 0.46 0.46 0.46 0.46 0.46 0.46 0.46 0.46 0.46 0.46 0.46 0.46 0.46 0.46 0.46 0.46 0.46 0.46 0.46 0.46 0.46 0.46 0.46 0.46 
45 0.46 0.46 0.46 0.46 0.46 0.46 0.46 0.46 0.46 0.46 0.46 0.46 0.46 0.46 0.46 0.46 0.46 0.46 0.46 0.46 0.46 0.46 0.46 0.46 0.46 0.46 0.46 0.46 0.46 0.46 0.46 0.46 0.46 0.46 0.46 0.46 0.46 0.46 0.46 0.46 0.46 
46 0.46 0.46 0.46 0.46 0.46 0.46 0.46 0.46 0.46 0.46 0.46 0.46 0.46 0.46 0.46 0.46 0.46 0.46 0.46 0.46 0.46 0.46 0.46 0.46 0.46 0.46 0.46 0.46 0.46 0.46 0.46 0.46 0.46 0.46 0.46 0.46 0.46 0.46 0.46 0.46 0.46 
47 0.46 0.46 0.46 0.46 0.46 0.46 0.46 0.46 0.46 0.46 0.46 0.46 0.46 0.46 0.46 0.46 0.46 0.46 0.46 0.46 0.46 0.46 0.46 0.46 0.46 0.46 0.46 0.46 0.46 0.46 0.46 0.46 0.46 0.46 0.46 0.46 0.46 0.46 0.46 0.46 0.46 
48 0.46 0.46 0.46 0.46 0.46 0.46 0.46 0.46 0.46 0.46 0.46 0.46 0.46 0.46 0.46 0.46 0.46 0.46 0.46 0.46 0.46 0.46 0.46 0.46 0.46 0.46 0.46 0.46 0.46 0.46 0.46 0.46 0.46 0.46 0.46 0.46 0.46 0.46 0.46 0.46 0.46 
49 0 0 0 0 0 0 0 0 0 0 0 0 0 0 0 0 0 0 0 0 0 0 0 0 0 0 0 0 0 0 0 0 0 0 0 0 0 0 0 0 0 
50 0 0 0 0 0 0 0 0 0 0 0 0 0 0 0 0 0 0 0 0 0 0 0 0 0 0 0 0 0 0 0 0 0 0 0 0 0 0 0 0 0 
51 0 0 0 0 0 0 0 0 0 0 0 0 0 0 0 0 0 0 0 0 0 0 0 0 0 0 0 0 0 0 0 0 0 0 0 0 0 0 0 0 0 
52 0 0 0 0 0 0 0 0 0 0 0 0 0 0 0 0 0 0 0 0 0 0 0 0 0 0 0 0 0 0 0 0 0 0 0 0 0 0 0 0 0 
53 0 0 0 0 0 0 0 0 0 0 0 0 0 0 0 0 0 0 0 0 0 0 0 0 0 0 0 0 0 0 0 0 0 0 0 0 0 0 0 0 0 
54 0 0 0 0 0 0 0 0 0 0 0 0 0 0 0 0 0 0 0 0 0 0 0 0 0 0 0 0 0 0 0 0 0 0 0 0 0 0 0 0 0 
;
param AccumulatedAnnualDemand default 0 := 
;
param SpecifiedAnnualDemand default 0 := 
[RE1,*,*]: 
2020 2021 2022 2023 2024 2025 2026 2027 2028 2029 2030 2031 2032 2033 2034 2035 2036 2037 2038 2039 2040 2041 2042 2043 2044 2045 2046 2047 2048 2049 2050 2051 2052 2053 2054 2055 2056 2057 2058 2059 2060 :=
SPNRSV 29.328 29.328 29.328 29.328 29.328 29.328 29.328 29.328 29.328 29.328 29.328 29.328 29.328 29.328 29.328 29.328 29.328 29.328 29.328 29.328 29.328 29.328 29.328 29.328 29.328 29.328 29.328 29.328 29.328 29.328 29.328 29.328 29.328 29.328 29.328 29.328 29.328 29.328 29.328 29.328 29.328 
RSA_POW_ELEF 885 900 915 930 945 960 975 990 1005 1020 1035 1050 1065 1080 1095 1110 1125 1140 1155 1170 1185 1200 1215 1230 1245 1260 1275 1290 1305 1320 1335 1350 1365 1380 1395 1410 1425 1440 1455 1470 1485 
;
param SpecifiedDemandProfile default 0 := 
[RE1,SPNRSV,*,*]: 
2020 2021 2022 2023 2024 2025 2026 2027 2028 2029 2030 2031 2032 2033 2034 2035 2036 2037 2038 2039 2040 2041 2042 2043 2044 2045 2046 2047 2048 2049 2050 2051 2052 2053 2054 2055 2056 2057 2058 2059 2060 :=
1 0.014155251 0.014155251 0.014155251 0.014155251 0.014155251 0.014155251 0.014155251 0.014155251 0.014155251 0.014155251 0.014155251 0.014155251 0.014155251 0.014155251 0.014155251 0.014155251 0.014155251 0.014155251 0.014155251 0.014155251 0.014155251 0.014155251 0.014155251 0.014155251 0.014155251 0.014155251 0.014155251 0.014155251 0.014155251 0.014155251 0.014155251 0.014155251 0.014155251 0.014155251 0.014155251 0.014155251 0.014155251 0.014155251 0.014155251 0.014155251 0.014155251 
2 0.014155251 0.014155251 0.014155251 0.014155251 0.014155251 0.014155251 0.014155251 0.014155251 0.014155251 0.014155251 0.014155251 0.014155251 0.014155251 0.014155251 0.014155251 0.014155251 0.014155251 0.014155251 0.014155251 0.014155251 0.014155251 0.014155251 0.014155251 0.014155251 0.014155251 0.014155251 0.014155251 0.014155251 0.014155251 0.014155251 0.014155251 0.014155251 0.014155251 0.014155251 0.014155251 0.014155251 0.014155251 0.014155251 0.014155251 0.014155251 0.014155251 
3 0.014155251 0.014155251 0.014155251 0.014155251 0.014155251 0.014155251 0.014155251 0.014155251 0.014155251 0.014155251 0.014155251 0.014155251 0.014155251 0.014155251 0.014155251 0.014155251 0.014155251 0.014155251 0.014155251 0.014155251 0.014155251 0.014155251 0.014155251 0.014155251 0.014155251 0.014155251 0.014155251 0.014155251 0.014155251 0.014155251 0.014155251 0.014155251 0.014155251 0.014155251 0.014155251 0.014155251 0.014155251 0.014155251 0.014155251 0.014155251 0.014155251 
4 0.014155251 0.014155251 0.014155251 0.014155251 0.014155251 0.014155251 0.014155251 0.014155251 0.014155251 0.014155251 0.014155251 0.014155251 0.014155251 0.014155251 0.014155251 0.014155251 0.014155251 0.014155251 0.014155251 0.014155251 0.014155251 0.014155251 0.014155251 0.014155251 0.014155251 0.014155251 0.014155251 0.014155251 0.014155251 0.014155251 0.014155251 0.014155251 0.014155251 0.014155251 0.014155251 0.014155251 0.014155251 0.014155251 0.014155251 0.014155251 0.014155251 
5 0.014155251 0.014155251 0.014155251 0.014155251 0.014155251 0.014155251 0.014155251 0.014155251 0.014155251 0.014155251 0.014155251 0.014155251 0.014155251 0.014155251 0.014155251 0.014155251 0.014155251 0.014155251 0.014155251 0.014155251 0.014155251 0.014155251 0.014155251 0.014155251 0.014155251 0.014155251 0.014155251 0.014155251 0.014155251 0.014155251 0.014155251 0.014155251 0.014155251 0.014155251 0.014155251 0.014155251 0.014155251 0.014155251 0.014155251 0.014155251 0.014155251 
6 0.014155251 0.014155251 0.014155251 0.014155251 0.014155251 0.014155251 0.014155251 0.014155251 0.014155251 0.014155251 0.014155251 0.014155251 0.014155251 0.014155251 0.014155251 0.014155251 0.014155251 0.014155251 0.014155251 0.014155251 0.014155251 0.014155251 0.014155251 0.014155251 0.014155251 0.014155251 0.014155251 0.014155251 0.014155251 0.014155251 0.014155251 0.014155251 0.014155251 0.014155251 0.014155251 0.014155251 0.014155251 0.014155251 0.014155251 0.014155251 0.014155251 
7 0.014155251 0.014155251 0.014155251 0.014155251 0.014155251 0.014155251 0.014155251 0.014155251 0.014155251 0.014155251 0.014155251 0.014155251 0.014155251 0.014155251 0.014155251 0.014155251 0.014155251 0.014155251 0.014155251 0.014155251 0.014155251 0.014155251 0.014155251 0.014155251 0.014155251 0.014155251 0.014155251 0.014155251 0.014155251 0.014155251 0.014155251 0.014155251 0.014155251 0.014155251 0.014155251 0.014155251 0.014155251 0.014155251 0.014155251 0.014155251 0.014155251 
8 0.014155251 0.014155251 0.014155251 0.014155251 0.014155251 0.014155251 0.014155251 0.014155251 0.014155251 0.014155251 0.014155251 0.014155251 0.014155251 0.014155251 0.014155251 0.014155251 0.014155251 0.014155251 0.014155251 0.014155251 0.014155251 0.014155251 0.014155251 0.014155251 0.014155251 0.014155251 0.014155251 0.014155251 0.014155251 0.014155251 0.014155251 0.014155251 0.014155251 0.014155251 0.014155251 0.014155251 0.014155251 0.014155251 0.014155251 0.014155251 0.014155251 
9 0.014155251 0.014155251 0.014155251 0.014155251 0.014155251 0.014155251 0.014155251 0.014155251 0.014155251 0.014155251 0.014155251 0.014155251 0.014155251 0.014155251 0.014155251 0.014155251 0.014155251 0.014155251 0.014155251 0.014155251 0.014155251 0.014155251 0.014155251 0.014155251 0.014155251 0.014155251 0.014155251 0.014155251 0.014155251 0.014155251 0.014155251 0.014155251 0.014155251 0.014155251 0.014155251 0.014155251 0.014155251 0.014155251 0.014155251 0.014155251 0.014155251 
10 0.014155251 0.014155251 0.014155251 0.014155251 0.014155251 0.014155251 0.014155251 0.014155251 0.014155251 0.014155251 0.014155251 0.014155251 0.014155251 0.014155251 0.014155251 0.014155251 0.014155251 0.014155251 0.014155251 0.014155251 0.014155251 0.014155251 0.014155251 0.014155251 0.014155251 0.014155251 0.014155251 0.014155251 0.014155251 0.014155251 0.014155251 0.014155251 0.014155251 0.014155251 0.014155251 0.014155251 0.014155251 0.014155251 0.014155251 0.014155251 0.014155251 
11 0.014155251 0.014155251 0.014155251 0.014155251 0.014155251 0.014155251 0.014155251 0.014155251 0.014155251 0.014155251 0.014155251 0.014155251 0.014155251 0.014155251 0.014155251 0.014155251 0.014155251 0.014155251 0.014155251 0.014155251 0.014155251 0.014155251 0.014155251 0.014155251 0.014155251 0.014155251 0.014155251 0.014155251 0.014155251 0.014155251 0.014155251 0.014155251 0.014155251 0.014155251 0.014155251 0.014155251 0.014155251 0.014155251 0.014155251 0.014155251 0.014155251 
12 0.014155251 0.014155251 0.014155251 0.014155251 0.014155251 0.014155251 0.014155251 0.014155251 0.014155251 0.014155251 0.014155251 0.014155251 0.014155251 0.014155251 0.014155251 0.014155251 0.014155251 0.014155251 0.014155251 0.014155251 0.014155251 0.014155251 0.014155251 0.014155251 0.014155251 0.014155251 0.014155251 0.014155251 0.014155251 0.014155251 0.014155251 0.014155251 0.014155251 0.014155251 0.014155251 0.014155251 0.014155251 0.014155251 0.014155251 0.014155251 0.014155251 
13 0.020319635 0.020319635 0.020319635 0.020319635 0.020319635 0.020319635 0.020319635 0.020319635 0.020319635 0.020319635 0.020319635 0.020319635 0.020319635 0.020319635 0.020319635 0.020319635 0.020319635 0.020319635 0.020319635 0.020319635 0.020319635 0.020319635 0.020319635 0.020319635 0.020319635 0.020319635 0.020319635 0.020319635 0.020319635 0.020319635 0.020319635 0.020319635 0.020319635 0.020319635 0.020319635 0.020319635 0.020319635 0.020319635 0.020319635 0.020319635 0.020319635 
14 0.020319635 0.020319635 0.020319635 0.020319635 0.020319635 0.020319635 0.020319635 0.020319635 0.020319635 0.020319635 0.020319635 0.020319635 0.020319635 0.020319635 0.020319635 0.020319635 0.020319635 0.020319635 0.020319635 0.020319635 0.020319635 0.020319635 0.020319635 0.020319635 0.020319635 0.020319635 0.020319635 0.020319635 0.020319635 0.020319635 0.020319635 0.020319635 0.020319635 0.020319635 0.020319635 0.020319635 0.020319635 0.020319635 0.020319635 0.020319635 0.020319635 
15 0.020319635 0.020319635 0.020319635 0.020319635 0.020319635 0.020319635 0.020319635 0.020319635 0.020319635 0.020319635 0.020319635 0.020319635 0.020319635 0.020319635 0.020319635 0.020319635 0.020319635 0.020319635 0.020319635 0.020319635 0.020319635 0.020319635 0.020319635 0.020319635 0.020319635 0.020319635 0.020319635 0.020319635 0.020319635 0.020319635 0.020319635 0.020319635 0.020319635 0.020319635 0.020319635 0.020319635 0.020319635 0.020319635 0.020319635 0.020319635 0.020319635 
16 0.020319635 0.020319635 0.020319635 0.020319635 0.020319635 0.020319635 0.020319635 0.020319635 0.020319635 0.020319635 0.020319635 0.020319635 0.020319635 0.020319635 0.020319635 0.020319635 0.020319635 0.020319635 0.020319635 0.020319635 0.020319635 0.020319635 0.020319635 0.020319635 0.020319635 0.020319635 0.020319635 0.020319635 0.020319635 0.020319635 0.020319635 0.020319635 0.020319635 0.020319635 0.020319635 0.020319635 0.020319635 0.020319635 0.020319635 0.020319635 0.020319635 
17 0.020319635 0.020319635 0.020319635 0.020319635 0.020319635 0.020319635 0.020319635 0.020319635 0.020319635 0.020319635 0.020319635 0.020319635 0.020319635 0.020319635 0.020319635 0.020319635 0.020319635 0.020319635 0.020319635 0.020319635 0.020319635 0.020319635 0.020319635 0.020319635 0.020319635 0.020319635 0.020319635 0.020319635 0.020319635 0.020319635 0.020319635 0.020319635 0.020319635 0.020319635 0.020319635 0.020319635 0.020319635 0.020319635 0.020319635 0.020319635 0.020319635 
18 0.020319635 0.020319635 0.020319635 0.020319635 0.020319635 0.020319635 0.020319635 0.020319635 0.020319635 0.020319635 0.020319635 0.020319635 0.020319635 0.020319635 0.020319635 0.020319635 0.020319635 0.020319635 0.020319635 0.020319635 0.020319635 0.020319635 0.020319635 0.020319635 0.020319635 0.020319635 0.020319635 0.020319635 0.020319635 0.020319635 0.020319635 0.020319635 0.020319635 0.020319635 0.020319635 0.020319635 0.020319635 0.020319635 0.020319635 0.020319635 0.020319635 
19 0.020319635 0.020319635 0.020319635 0.020319635 0.020319635 0.020319635 0.020319635 0.020319635 0.020319635 0.020319635 0.020319635 0.020319635 0.020319635 0.020319635 0.020319635 0.020319635 0.020319635 0.020319635 0.020319635 0.020319635 0.020319635 0.020319635 0.020319635 0.020319635 0.020319635 0.020319635 0.020319635 0.020319635 0.020319635 0.020319635 0.020319635 0.020319635 0.020319635 0.020319635 0.020319635 0.020319635 0.020319635 0.020319635 0.020319635 0.020319635 0.020319635 
20 0.020319635 0.020319635 0.020319635 0.020319635 0.020319635 0.020319635 0.020319635 0.020319635 0.020319635 0.020319635 0.020319635 0.020319635 0.020319635 0.020319635 0.020319635 0.020319635 0.020319635 0.020319635 0.020319635 0.020319635 0.020319635 0.020319635 0.020319635 0.020319635 0.020319635 0.020319635 0.020319635 0.020319635 0.020319635 0.020319635 0.020319635 0.020319635 0.020319635 0.020319635 0.020319635 0.020319635 0.020319635 0.020319635 0.020319635 0.020319635 0.020319635 
21 0.020319635 0.020319635 0.020319635 0.020319635 0.020319635 0.020319635 0.020319635 0.020319635 0.020319635 0.020319635 0.020319635 0.020319635 0.020319635 0.020319635 0.020319635 0.020319635 0.020319635 0.020319635 0.020319635 0.020319635 0.020319635 0.020319635 0.020319635 0.020319635 0.020319635 0.020319635 0.020319635 0.020319635 0.020319635 0.020319635 0.020319635 0.020319635 0.020319635 0.020319635 0.020319635 0.020319635 0.020319635 0.020319635 0.020319635 0.020319635 0.020319635 
22 0.020319635 0.020319635 0.020319635 0.020319635 0.020319635 0.020319635 0.020319635 0.020319635 0.020319635 0.020319635 0.020319635 0.020319635 0.020319635 0.020319635 0.020319635 0.020319635 0.020319635 0.020319635 0.020319635 0.020319635 0.020319635 0.020319635 0.020319635 0.020319635 0.020319635 0.020319635 0.020319635 0.020319635 0.020319635 0.020319635 0.020319635 0.020319635 0.020319635 0.020319635 0.020319635 0.020319635 0.020319635 0.020319635 0.020319635 0.020319635 0.020319635 
23 0.020319635 0.020319635 0.020319635 0.020319635 0.020319635 0.020319635 0.020319635 0.020319635 0.020319635 0.020319635 0.020319635 0.020319635 0.020319635 0.020319635 0.020319635 0.020319635 0.020319635 0.020319635 0.020319635 0.020319635 0.020319635 0.020319635 0.020319635 0.020319635 0.020319635 0.020319635 0.020319635 0.020319635 0.020319635 0.020319635 0.020319635 0.020319635 0.020319635 0.020319635 0.020319635 0.020319635 0.020319635 0.020319635 0.020319635 0.020319635 0.020319635 
24 0.020319635 0.020319635 0.020319635 0.020319635 0.020319635 0.020319635 0.020319635 0.020319635 0.020319635 0.020319635 0.020319635 0.020319635 0.020319635 0.020319635 0.020319635 0.020319635 0.020319635 0.020319635 0.020319635 0.020319635 0.020319635 0.020319635 0.020319635 0.020319635 0.020319635 0.020319635 0.020319635 0.020319635 0.020319635 0.020319635 0.020319635 0.020319635 0.020319635 0.020319635 0.020319635 0.020319635 0.020319635 0.020319635 0.020319635 0.020319635 0.020319635 
25 0.023515982 0.023515982 0.023515982 0.023515982 0.023515982 0.023515982 0.023515982 0.023515982 0.023515982 0.023515982 0.023515982 0.023515982 0.023515982 0.023515982 0.023515982 0.023515982 0.023515982 0.023515982 0.023515982 0.023515982 0.023515982 0.023515982 0.023515982 0.023515982 0.023515982 0.023515982 0.023515982 0.023515982 0.023515982 0.023515982 0.023515982 0.023515982 0.023515982 0.023515982 0.023515982 0.023515982 0.023515982 0.023515982 0.023515982 0.023515982 0.023515982 
26 0.023515982 0.023515982 0.023515982 0.023515982 0.023515982 0.023515982 0.023515982 0.023515982 0.023515982 0.023515982 0.023515982 0.023515982 0.023515982 0.023515982 0.023515982 0.023515982 0.023515982 0.023515982 0.023515982 0.023515982 0.023515982 0.023515982 0.023515982 0.023515982 0.023515982 0.023515982 0.023515982 0.023515982 0.023515982 0.023515982 0.023515982 0.023515982 0.023515982 0.023515982 0.023515982 0.023515982 0.023515982 0.023515982 0.023515982 0.023515982 0.023515982 
27 0.023515982 0.023515982 0.023515982 0.023515982 0.023515982 0.023515982 0.023515982 0.023515982 0.023515982 0.023515982 0.023515982 0.023515982 0.023515982 0.023515982 0.023515982 0.023515982 0.023515982 0.023515982 0.023515982 0.023515982 0.023515982 0.023515982 0.023515982 0.023515982 0.023515982 0.023515982 0.023515982 0.023515982 0.023515982 0.023515982 0.023515982 0.023515982 0.023515982 0.023515982 0.023515982 0.023515982 0.023515982 0.023515982 0.023515982 0.023515982 0.023515982 
28 0.023515982 0.023515982 0.023515982 0.023515982 0.023515982 0.023515982 0.023515982 0.023515982 0.023515982 0.023515982 0.023515982 0.023515982 0.023515982 0.023515982 0.023515982 0.023515982 0.023515982 0.023515982 0.023515982 0.023515982 0.023515982 0.023515982 0.023515982 0.023515982 0.023515982 0.023515982 0.023515982 0.023515982 0.023515982 0.023515982 0.023515982 0.023515982 0.023515982 0.023515982 0.023515982 0.023515982 0.023515982 0.023515982 0.023515982 0.023515982 0.023515982 
29 0.023515982 0.023515982 0.023515982 0.023515982 0.023515982 0.023515982 0.023515982 0.023515982 0.023515982 0.023515982 0.023515982 0.023515982 0.023515982 0.023515982 0.023515982 0.023515982 0.023515982 0.023515982 0.023515982 0.023515982 0.023515982 0.023515982 0.023515982 0.023515982 0.023515982 0.023515982 0.023515982 0.023515982 0.023515982 0.023515982 0.023515982 0.023515982 0.023515982 0.023515982 0.023515982 0.023515982 0.023515982 0.023515982 0.023515982 0.023515982 0.023515982 
30 0.023515982 0.023515982 0.023515982 0.023515982 0.023515982 0.023515982 0.023515982 0.023515982 0.023515982 0.023515982 0.023515982 0.023515982 0.023515982 0.023515982 0.023515982 0.023515982 0.023515982 0.023515982 0.023515982 0.023515982 0.023515982 0.023515982 0.023515982 0.023515982 0.023515982 0.023515982 0.023515982 0.023515982 0.023515982 0.023515982 0.023515982 0.023515982 0.023515982 0.023515982 0.023515982 0.023515982 0.023515982 0.023515982 0.023515982 0.023515982 0.023515982 
31 0.023515982 0.023515982 0.023515982 0.023515982 0.023515982 0.023515982 0.023515982 0.023515982 0.023515982 0.023515982 0.023515982 0.023515982 0.023515982 0.023515982 0.023515982 0.023515982 0.023515982 0.023515982 0.023515982 0.023515982 0.023515982 0.023515982 0.023515982 0.023515982 0.023515982 0.023515982 0.023515982 0.023515982 0.023515982 0.023515982 0.023515982 0.023515982 0.023515982 0.023515982 0.023515982 0.023515982 0.023515982 0.023515982 0.023515982 0.023515982 0.023515982 
32 0.023515982 0.023515982 0.023515982 0.023515982 0.023515982 0.023515982 0.023515982 0.023515982 0.023515982 0.023515982 0.023515982 0.023515982 0.023515982 0.023515982 0.023515982 0.023515982 0.023515982 0.023515982 0.023515982 0.023515982 0.023515982 0.023515982 0.023515982 0.023515982 0.023515982 0.023515982 0.023515982 0.023515982 0.023515982 0.023515982 0.023515982 0.023515982 0.023515982 0.023515982 0.023515982 0.023515982 0.023515982 0.023515982 0.023515982 0.023515982 0.023515982 
33 0.023515982 0.023515982 0.023515982 0.023515982 0.023515982 0.023515982 0.023515982 0.023515982 0.023515982 0.023515982 0.023515982 0.023515982 0.023515982 0.023515982 0.023515982 0.023515982 0.023515982 0.023515982 0.023515982 0.023515982 0.023515982 0.023515982 0.023515982 0.023515982 0.023515982 0.023515982 0.023515982 0.023515982 0.023515982 0.023515982 0.023515982 0.023515982 0.023515982 0.023515982 0.023515982 0.023515982 0.023515982 0.023515982 0.023515982 0.023515982 0.023515982 
34 0.023515982 0.023515982 0.023515982 0.023515982 0.023515982 0.023515982 0.023515982 0.023515982 0.023515982 0.023515982 0.023515982 0.023515982 0.023515982 0.023515982 0.023515982 0.023515982 0.023515982 0.023515982 0.023515982 0.023515982 0.023515982 0.023515982 0.023515982 0.023515982 0.023515982 0.023515982 0.023515982 0.023515982 0.023515982 0.023515982 0.023515982 0.023515982 0.023515982 0.023515982 0.023515982 0.023515982 0.023515982 0.023515982 0.023515982 0.023515982 0.023515982 
35 0.023515982 0.023515982 0.023515982 0.023515982 0.023515982 0.023515982 0.023515982 0.023515982 0.023515982 0.023515982 0.023515982 0.023515982 0.023515982 0.023515982 0.023515982 0.023515982 0.023515982 0.023515982 0.023515982 0.023515982 0.023515982 0.023515982 0.023515982 0.023515982 0.023515982 0.023515982 0.023515982 0.023515982 0.023515982 0.023515982 0.023515982 0.023515982 0.023515982 0.023515982 0.023515982 0.023515982 0.023515982 0.023515982 0.023515982 0.023515982 0.023515982 
36 0.023515982 0.023515982 0.023515982 0.023515982 0.023515982 0.023515982 0.023515982 0.023515982 0.023515982 0.023515982 0.023515982 0.023515982 0.023515982 0.023515982 0.023515982 0.023515982 0.023515982 0.023515982 0.023515982 0.023515982 0.023515982 0.023515982 0.023515982 0.023515982 0.023515982 0.023515982 0.023515982 0.023515982 0.023515982 0.023515982 0.023515982 0.023515982 0.023515982 0.023515982 0.023515982 0.023515982 0.023515982 0.023515982 0.023515982 0.023515982 0.023515982 
37 0.020776256 0.020776256 0.020776256 0.020776256 0.020776256 0.020776256 0.020776256 0.020776256 0.020776256 0.020776256 0.020776256 0.020776256 0.020776256 0.020776256 0.020776256 0.020776256 0.020776256 0.020776256 0.020776256 0.020776256 0.020776256 0.020776256 0.020776256 0.020776256 0.020776256 0.020776256 0.020776256 0.020776256 0.020776256 0.020776256 0.020776256 0.020776256 0.020776256 0.020776256 0.020776256 0.020776256 0.020776256 0.020776256 0.020776256 0.020776256 0.020776256 
38 0.020776256 0.020776256 0.020776256 0.020776256 0.020776256 0.020776256 0.020776256 0.020776256 0.020776256 0.020776256 0.020776256 0.020776256 0.020776256 0.020776256 0.020776256 0.020776256 0.020776256 0.020776256 0.020776256 0.020776256 0.020776256 0.020776256 0.020776256 0.020776256 0.020776256 0.020776256 0.020776256 0.020776256 0.020776256 0.020776256 0.020776256 0.020776256 0.020776256 0.020776256 0.020776256 0.020776256 0.020776256 0.020776256 0.020776256 0.020776256 0.020776256 
39 0.020776256 0.020776256 0.020776256 0.020776256 0.020776256 0.020776256 0.020776256 0.020776256 0.020776256 0.020776256 0.020776256 0.020776256 0.020776256 0.020776256 0.020776256 0.020776256 0.020776256 0.020776256 0.020776256 0.020776256 0.020776256 0.020776256 0.020776256 0.020776256 0.020776256 0.020776256 0.020776256 0.020776256 0.020776256 0.020776256 0.020776256 0.020776256 0.020776256 0.020776256 0.020776256 0.020776256 0.020776256 0.020776256 0.020776256 0.020776256 0.020776256 
40 0.020776256 0.020776256 0.020776256 0.020776256 0.020776256 0.020776256 0.020776256 0.020776256 0.020776256 0.020776256 0.020776256 0.020776256 0.020776256 0.020776256 0.020776256 0.020776256 0.020776256 0.020776256 0.020776256 0.020776256 0.020776256 0.020776256 0.020776256 0.020776256 0.020776256 0.020776256 0.020776256 0.020776256 0.020776256 0.020776256 0.020776256 0.020776256 0.020776256 0.020776256 0.020776256 0.020776256 0.020776256 0.020776256 0.020776256 0.020776256 0.020776256 
41 0.020776256 0.020776256 0.020776256 0.020776256 0.020776256 0.020776256 0.020776256 0.020776256 0.020776256 0.020776256 0.020776256 0.020776256 0.020776256 0.020776256 0.020776256 0.020776256 0.020776256 0.020776256 0.020776256 0.020776256 0.020776256 0.020776256 0.020776256 0.020776256 0.020776256 0.020776256 0.020776256 0.020776256 0.020776256 0.020776256 0.020776256 0.020776256 0.020776256 0.020776256 0.020776256 0.020776256 0.020776256 0.020776256 0.020776256 0.020776256 0.020776256 
42 0.020776256 0.020776256 0.020776256 0.020776256 0.020776256 0.020776256 0.020776256 0.020776256 0.020776256 0.020776256 0.020776256 0.020776256 0.020776256 0.020776256 0.020776256 0.020776256 0.020776256 0.020776256 0.020776256 0.020776256 0.020776256 0.020776256 0.020776256 0.020776256 0.020776256 0.020776256 0.020776256 0.020776256 0.020776256 0.020776256 0.020776256 0.020776256 0.020776256 0.020776256 0.020776256 0.020776256 0.020776256 0.020776256 0.020776256 0.020776256 0.020776256 
43 0.020776256 0.020776256 0.020776256 0.020776256 0.020776256 0.020776256 0.020776256 0.020776256 0.020776256 0.020776256 0.020776256 0.020776256 0.020776256 0.020776256 0.020776256 0.020776256 0.020776256 0.020776256 0.020776256 0.020776256 0.020776256 0.020776256 0.020776256 0.020776256 0.020776256 0.020776256 0.020776256 0.020776256 0.020776256 0.020776256 0.020776256 0.020776256 0.020776256 0.020776256 0.020776256 0.020776256 0.020776256 0.020776256 0.020776256 0.020776256 0.020776256 
44 0.020776256 0.020776256 0.020776256 0.020776256 0.020776256 0.020776256 0.020776256 0.020776256 0.020776256 0.020776256 0.020776256 0.020776256 0.020776256 0.020776256 0.020776256 0.020776256 0.020776256 0.020776256 0.020776256 0.020776256 0.020776256 0.020776256 0.020776256 0.020776256 0.020776256 0.020776256 0.020776256 0.020776256 0.020776256 0.020776256 0.020776256 0.020776256 0.020776256 0.020776256 0.020776256 0.020776256 0.020776256 0.020776256 0.020776256 0.020776256 0.020776256 
45 0.020776256 0.020776256 0.020776256 0.020776256 0.020776256 0.020776256 0.020776256 0.020776256 0.020776256 0.020776256 0.020776256 0.020776256 0.020776256 0.020776256 0.020776256 0.020776256 0.020776256 0.020776256 0.020776256 0.020776256 0.020776256 0.020776256 0.020776256 0.020776256 0.020776256 0.020776256 0.020776256 0.020776256 0.020776256 0.020776256 0.020776256 0.020776256 0.020776256 0.020776256 0.020776256 0.020776256 0.020776256 0.020776256 0.020776256 0.020776256 0.020776256 
46 0.020776256 0.020776256 0.020776256 0.020776256 0.020776256 0.020776256 0.020776256 0.020776256 0.020776256 0.020776256 0.020776256 0.020776256 0.020776256 0.020776256 0.020776256 0.020776256 0.020776256 0.020776256 0.020776256 0.020776256 0.020776256 0.020776256 0.020776256 0.020776256 0.020776256 0.020776256 0.020776256 0.020776256 0.020776256 0.020776256 0.020776256 0.020776256 0.020776256 0.020776256 0.020776256 0.020776256 0.020776256 0.020776256 0.020776256 0.020776256 0.020776256 
47 0.020776256 0.020776256 0.020776256 0.020776256 0.020776256 0.020776256 0.020776256 0.020776256 0.020776256 0.020776256 0.020776256 0.020776256 0.020776256 0.020776256 0.020776256 0.020776256 0.020776256 0.020776256 0.020776256 0.020776256 0.020776256 0.020776256 0.020776256 0.020776256 0.020776256 0.020776256 0.020776256 0.020776256 0.020776256 0.020776256 0.020776256 0.020776256 0.020776256 0.020776256 0.020776256 0.020776256 0.020776256 0.020776256 0.020776256 0.020776256 0.020776256 
48 0.020776256 0.020776256 0.020776256 0.020776256 0.020776256 0.020776256 0.020776256 0.020776256 0.020776256 0.020776256 0.020776256 0.020776256 0.020776256 0.020776256 0.020776256 0.020776256 0.020776256 0.020776256 0.020776256 0.020776256 0.020776256 0.020776256 0.020776256 0.020776256 0.020776256 0.020776256 0.020776256 0.020776256 0.020776256 0.020776256 0.020776256 0.020776256 0.020776256 0.020776256 0.020776256 0.020776256 0.020776256 0.020776256 0.020776256 0.020776256 0.020776256 
49 0.00913242 0.00913242 0.00913242 0.00913242 0.00913242 0.00913242 0.00913242 0.00913242 0.00913242 0.00913242 0.00913242 0.00913242 0.00913242 0.00913242 0.00913242 0.00913242 0.00913242 0.00913242 0.00913242 0.00913242 0.00913242 0.00913242 0.00913242 0.00913242 0.00913242 0.00913242 0.00913242 0.00913242 0.00913242 0.00913242 0.00913242 0.00913242 0.00913242 0.00913242 0.00913242 0.00913242 0.00913242 0.00913242 0.00913242 0.00913242 0.00913242 
50 0.00913242 0.00913242 0.00913242 0.00913242 0.00913242 0.00913242 0.00913242 0.00913242 0.00913242 0.00913242 0.00913242 0.00913242 0.00913242 0.00913242 0.00913242 0.00913242 0.00913242 0.00913242 0.00913242 0.00913242 0.00913242 0.00913242 0.00913242 0.00913242 0.00913242 0.00913242 0.00913242 0.00913242 0.00913242 0.00913242 0.00913242 0.00913242 0.00913242 0.00913242 0.00913242 0.00913242 0.00913242 0.00913242 0.00913242 0.00913242 0.00913242 
51 0.00913242 0.00913242 0.00913242 0.00913242 0.00913242 0.00913242 0.00913242 0.00913242 0.00913242 0.00913242 0.00913242 0.00913242 0.00913242 0.00913242 0.00913242 0.00913242 0.00913242 0.00913242 0.00913242 0.00913242 0.00913242 0.00913242 0.00913242 0.00913242 0.00913242 0.00913242 0.00913242 0.00913242 0.00913242 0.00913242 0.00913242 0.00913242 0.00913242 0.00913242 0.00913242 0.00913242 0.00913242 0.00913242 0.00913242 0.00913242 0.00913242 
52 0.00913242 0.00913242 0.00913242 0.00913242 0.00913242 0.00913242 0.00913242 0.00913242 0.00913242 0.00913242 0.00913242 0.00913242 0.00913242 0.00913242 0.00913242 0.00913242 0.00913242 0.00913242 0.00913242 0.00913242 0.00913242 0.00913242 0.00913242 0.00913242 0.00913242 0.00913242 0.00913242 0.00913242 0.00913242 0.00913242 0.00913242 0.00913242 0.00913242 0.00913242 0.00913242 0.00913242 0.00913242 0.00913242 0.00913242 0.00913242 0.00913242 
53 0.00913242 0.00913242 0.00913242 0.00913242 0.00913242 0.00913242 0.00913242 0.00913242 0.00913242 0.00913242 0.00913242 0.00913242 0.00913242 0.00913242 0.00913242 0.00913242 0.00913242 0.00913242 0.00913242 0.00913242 0.00913242 0.00913242 0.00913242 0.00913242 0.00913242 0.00913242 0.00913242 0.00913242 0.00913242 0.00913242 0.00913242 0.00913242 0.00913242 0.00913242 0.00913242 0.00913242 0.00913242 0.00913242 0.00913242 0.00913242 0.00913242 
54 0.00913242 0.00913242 0.00913242 0.00913242 0.00913242 0.00913242 0.00913242 0.00913242 0.00913242 0.00913242 0.00913242 0.00913242 0.00913242 0.00913242 0.00913242 0.00913242 0.00913242 0.00913242 0.00913242 0.00913242 0.00913242 0.00913242 0.00913242 0.00913242 0.00913242 0.00913242 0.00913242 0.00913242 0.00913242 0.00913242 0.00913242 0.00913242 0.00913242 0.00913242 0.00913242 0.00913242 0.00913242 0.00913242 0.00913242 0.00913242 0.00913242 
[RE1,RSA_POW_ELEF,*,*]: 
2020 2021 2022 2023 2024 2025 2026 2027 2028 2029 2030 2031 2032 2033 2034 2035 2036 2037 2038 2039 2040 2041 2042 2043 2044 2045 2046 2047 2048 2049 2050 2051 2052 2053 2054 2055 2056 2057 2058 2059 2060 :=
1 0.0114 0.0114 0.0114 0.0114 0.0114 0.0114 0.0114 0.0114 0.0114 0.0114 0.0114 0.0114 0.0114 0.0114 0.0114 0.0114 0.0114 0.0114 0.0114 0.0114 0.0114 0.0114 0.0114 0.0114 0.0114 0.0114 0.0114 0.0114 0.0114 0.0114 0.0114 0.0114 0.0114 0.0114 0.0114 0.0114 0.0114 0.0114 0.0114 0.0114 0.0114 
2 0.0131 0.0131 0.0131 0.0131 0.0131 0.0131 0.0131 0.0131 0.0131 0.0131 0.0131 0.0131 0.0131 0.0131 0.0131 0.0131 0.0131 0.0131 0.0131 0.0131 0.0131 0.0131 0.0131 0.0131 0.0131 0.0131 0.0131 0.0131 0.0131 0.0131 0.0131 0.0131 0.0131 0.0131 0.0131 0.0131 0.0131 0.0131 0.0131 0.0131 0.0131 
3 0.0144 0.0144 0.0144 0.0144 0.0144 0.0144 0.0144 0.0144 0.0144 0.0144 0.0144 0.0144 0.0144 0.0144 0.0144 0.0144 0.0144 0.0144 0.0144 0.0144 0.0144 0.0144 0.0144 0.0144 0.0144 0.0144 0.0144 0.0144 0.0144 0.0144 0.0144 0.0144 0.0144 0.0144 0.0144 0.0144 0.0144 0.0144 0.0144 0.0144 0.0144 
4 0.0142 0.0142 0.0142 0.0142 0.0142 0.0142 0.0142 0.0142 0.0142 0.0142 0.0142 0.0142 0.0142 0.0142 0.0142 0.0142 0.0142 0.0142 0.0142 0.0142 0.0142 0.0142 0.0142 0.0142 0.0142 0.0142 0.0142 0.0142 0.0142 0.0142 0.0142 0.0142 0.0142 0.0142 0.0142 0.0142 0.0142 0.0142 0.0142 0.0142 0.0142 
5 0.0151 0.0151 0.0151 0.0151 0.0151 0.0151 0.0151 0.0151 0.0151 0.0151 0.0151 0.0151 0.0151 0.0151 0.0151 0.0151 0.0151 0.0151 0.0151 0.0151 0.0151 0.0151 0.0151 0.0151 0.0151 0.0151 0.0151 0.0151 0.0151 0.0151 0.0151 0.0151 0.0151 0.0151 0.0151 0.0151 0.0151 0.0151 0.0151 0.0151 0.0151 
6 0.0133 0.0133 0.0133 0.0133 0.0133 0.0133 0.0133 0.0133 0.0133 0.0133 0.0133 0.0133 0.0133 0.0133 0.0133 0.0133 0.0133 0.0133 0.0133 0.0133 0.0133 0.0133 0.0133 0.0133 0.0133 0.0133 0.0133 0.0133 0.0133 0.0133 0.0133 0.0133 0.0133 0.0133 0.0133 0.0133 0.0133 0.0133 0.0133 0.0133 0.0133 
7 0.0114 0.0114 0.0114 0.0114 0.0114 0.0114 0.0114 0.0114 0.0114 0.0114 0.0114 0.0114 0.0114 0.0114 0.0114 0.0114 0.0114 0.0114 0.0114 0.0114 0.0114 0.0114 0.0114 0.0114 0.0114 0.0114 0.0114 0.0114 0.0114 0.0114 0.0114 0.0114 0.0114 0.0114 0.0114 0.0114 0.0114 0.0114 0.0114 0.0114 0.0114 
8 0.0131 0.0131 0.0131 0.0131 0.0131 0.0131 0.0131 0.0131 0.0131 0.0131 0.0131 0.0131 0.0131 0.0131 0.0131 0.0131 0.0131 0.0131 0.0131 0.0131 0.0131 0.0131 0.0131 0.0131 0.0131 0.0131 0.0131 0.0131 0.0131 0.0131 0.0131 0.0131 0.0131 0.0131 0.0131 0.0131 0.0131 0.0131 0.0131 0.0131 0.0131 
9 0.0144 0.0144 0.0144 0.0144 0.0144 0.0144 0.0144 0.0144 0.0144 0.0144 0.0144 0.0144 0.0144 0.0144 0.0144 0.0144 0.0144 0.0144 0.0144 0.0144 0.0144 0.0144 0.0144 0.0144 0.0144 0.0144 0.0144 0.0144 0.0144 0.0144 0.0144 0.0144 0.0144 0.0144 0.0144 0.0144 0.0144 0.0144 0.0144 0.0144 0.0144 
10 0.0142 0.0142 0.0142 0.0142 0.0142 0.0142 0.0142 0.0142 0.0142 0.0142 0.0142 0.0142 0.0142 0.0142 0.0142 0.0142 0.0142 0.0142 0.0142 0.0142 0.0142 0.0142 0.0142 0.0142 0.0142 0.0142 0.0142 0.0142 0.0142 0.0142 0.0142 0.0142 0.0142 0.0142 0.0142 0.0142 0.0142 0.0142 0.0142 0.0142 0.0142 
11 0.0151 0.0151 0.0151 0.0151 0.0151 0.0151 0.0151 0.0151 0.0151 0.0151 0.0151 0.0151 0.0151 0.0151 0.0151 0.0151 0.0151 0.0151 0.0151 0.0151 0.0151 0.0151 0.0151 0.0151 0.0151 0.0151 0.0151 0.0151 0.0151 0.0151 0.0151 0.0151 0.0151 0.0151 0.0151 0.0151 0.0151 0.0151 0.0151 0.0151 0.0151 
12 0.0133 0.0133 0.0133 0.0133 0.0133 0.0133 0.0133 0.0133 0.0133 0.0133 0.0133 0.0133 0.0133 0.0133 0.0133 0.0133 0.0133 0.0133 0.0133 0.0133 0.0133 0.0133 0.0133 0.0133 0.0133 0.0133 0.0133 0.0133 0.0133 0.0133 0.0133 0.0133 0.0133 0.0133 0.0133 0.0133 0.0133 0.0133 0.0133 0.0133 0.0133 
13 0.017 0.017 0.017 0.017 0.017 0.017 0.017 0.017 0.017 0.017 0.017 0.017 0.017 0.017 0.017 0.017 0.017 0.017 0.017 0.017 0.017 0.017 0.017 0.017 0.017 0.017 0.017 0.017 0.017 0.017 0.017 0.017 0.017 0.017 0.017 0.017 0.017 0.017 0.017 0.017 0.017 
14 0.0199 0.0199 0.0199 0.0199 0.0199 0.0199 0.0199 0.0199 0.0199 0.0199 0.0199 0.0199 0.0199 0.0199 0.0199 0.0199 0.0199 0.0199 0.0199 0.0199 0.0199 0.0199 0.0199 0.0199 0.0199 0.0199 0.0199 0.0199 0.0199 0.0199 0.0199 0.0199 0.0199 0.0199 0.0199 0.0199 0.0199 0.0199 0.0199 0.0199 0.0199 
15 0.0218 0.0218 0.0218 0.0218 0.0218 0.0218 0.0218 0.0218 0.0218 0.0218 0.0218 0.0218 0.0218 0.0218 0.0218 0.0218 0.0218 0.0218 0.0218 0.0218 0.0218 0.0218 0.0218 0.0218 0.0218 0.0218 0.0218 0.0218 0.0218 0.0218 0.0218 0.0218 0.0218 0.0218 0.0218 0.0218 0.0218 0.0218 0.0218 0.0218 0.0218 
16 0.0214 0.0214 0.0214 0.0214 0.0214 0.0214 0.0214 0.0214 0.0214 0.0214 0.0214 0.0214 0.0214 0.0214 0.0214 0.0214 0.0214 0.0214 0.0214 0.0214 0.0214 0.0214 0.0214 0.0214 0.0214 0.0214 0.0214 0.0214 0.0214 0.0214 0.0214 0.0214 0.0214 0.0214 0.0214 0.0214 0.0214 0.0214 0.0214 0.0214 0.0214 
17 0.0231 0.0231 0.0231 0.0231 0.0231 0.0231 0.0231 0.0231 0.0231 0.0231 0.0231 0.0231 0.0231 0.0231 0.0231 0.0231 0.0231 0.0231 0.0231 0.0231 0.0231 0.0231 0.0231 0.0231 0.0231 0.0231 0.0231 0.0231 0.0231 0.0231 0.0231 0.0231 0.0231 0.0231 0.0231 0.0231 0.0231 0.0231 0.0231 0.0231 0.0231 
18 0.0199 0.0199 0.0199 0.0199 0.0199 0.0199 0.0199 0.0199 0.0199 0.0199 0.0199 0.0199 0.0199 0.0199 0.0199 0.0199 0.0199 0.0199 0.0199 0.0199 0.0199 0.0199 0.0199 0.0199 0.0199 0.0199 0.0199 0.0199 0.0199 0.0199 0.0199 0.0199 0.0199 0.0199 0.0199 0.0199 0.0199 0.0199 0.0199 0.0199 0.0199 
19 0.017 0.017 0.017 0.017 0.017 0.017 0.017 0.017 0.017 0.017 0.017 0.017 0.017 0.017 0.017 0.017 0.017 0.017 0.017 0.017 0.017 0.017 0.017 0.017 0.017 0.017 0.017 0.017 0.017 0.017 0.017 0.017 0.017 0.017 0.017 0.017 0.017 0.017 0.017 0.017 0.017 
20 0.0199 0.0199 0.0199 0.0199 0.0199 0.0199 0.0199 0.0199 0.0199 0.0199 0.0199 0.0199 0.0199 0.0199 0.0199 0.0199 0.0199 0.0199 0.0199 0.0199 0.0199 0.0199 0.0199 0.0199 0.0199 0.0199 0.0199 0.0199 0.0199 0.0199 0.0199 0.0199 0.0199 0.0199 0.0199 0.0199 0.0199 0.0199 0.0199 0.0199 0.0199 
21 0.0218 0.0218 0.0218 0.0218 0.0218 0.0218 0.0218 0.0218 0.0218 0.0218 0.0218 0.0218 0.0218 0.0218 0.0218 0.0218 0.0218 0.0218 0.0218 0.0218 0.0218 0.0218 0.0218 0.0218 0.0218 0.0218 0.0218 0.0218 0.0218 0.0218 0.0218 0.0218 0.0218 0.0218 0.0218 0.0218 0.0218 0.0218 0.0218 0.0218 0.0218 
22 0.0214 0.0214 0.0214 0.0214 0.0214 0.0214 0.0214 0.0214 0.0214 0.0214 0.0214 0.0214 0.0214 0.0214 0.0214 0.0214 0.0214 0.0214 0.0214 0.0214 0.0214 0.0214 0.0214 0.0214 0.0214 0.0214 0.0214 0.0214 0.0214 0.0214 0.0214 0.0214 0.0214 0.0214 0.0214 0.0214 0.0214 0.0214 0.0214 0.0214 0.0214 
23 0.0231 0.0231 0.0231 0.0231 0.0231 0.0231 0.0231 0.0231 0.0231 0.0231 0.0231 0.0231 0.0231 0.0231 0.0231 0.0231 0.0231 0.0231 0.0231 0.0231 0.0231 0.0231 0.0231 0.0231 0.0231 0.0231 0.0231 0.0231 0.0231 0.0231 0.0231 0.0231 0.0231 0.0231 0.0231 0.0231 0.0231 0.0231 0.0231 0.0231 0.0231 
24 0.0199 0.0199 0.0199 0.0199 0.0199 0.0199 0.0199 0.0199 0.0199 0.0199 0.0199 0.0199 0.0199 0.0199 0.0199 0.0199 0.0199 0.0199 0.0199 0.0199 0.0199 0.0199 0.0199 0.0199 0.0199 0.0199 0.0199 0.0199 0.0199 0.0199 0.0199 0.0199 0.0199 0.0199 0.0199 0.0199 0.0199 0.0199 0.0199 0.0199 0.0199 
25 0.0197 0.0197 0.0197 0.0197 0.0197 0.0197 0.0197 0.0197 0.0197 0.0197 0.0197 0.0197 0.0197 0.0197 0.0197 0.0197 0.0197 0.0197 0.0197 0.0197 0.0197 0.0197 0.0197 0.0197 0.0197 0.0197 0.0197 0.0197 0.0197 0.0197 0.0197 0.0197 0.0197 0.0197 0.0197 0.0197 0.0197 0.0197 0.0197 0.0197 0.0197 
26 0.0232 0.0232 0.0232 0.0232 0.0232 0.0232 0.0232 0.0232 0.0232 0.0232 0.0232 0.0232 0.0232 0.0232 0.0232 0.0232 0.0232 0.0232 0.0232 0.0232 0.0232 0.0232 0.0232 0.0232 0.0232 0.0232 0.0232 0.0232 0.0232 0.0232 0.0232 0.0232 0.0232 0.0232 0.0232 0.0232 0.0232 0.0232 0.0232 0.0232 0.0232 
27 0.0257 0.0257 0.0257 0.0257 0.0257 0.0257 0.0257 0.0257 0.0257 0.0257 0.0257 0.0257 0.0257 0.0257 0.0257 0.0257 0.0257 0.0257 0.0257 0.0257 0.0257 0.0257 0.0257 0.0257 0.0257 0.0257 0.0257 0.0257 0.0257 0.0257 0.0257 0.0257 0.0257 0.0257 0.0257 0.0257 0.0257 0.0257 0.0257 0.0257 0.0257 
28 0.0247 0.0247 0.0247 0.0247 0.0247 0.0247 0.0247 0.0247 0.0247 0.0247 0.0247 0.0247 0.0247 0.0247 0.0247 0.0247 0.0247 0.0247 0.0247 0.0247 0.0247 0.0247 0.0247 0.0247 0.0247 0.0247 0.0247 0.0247 0.0247 0.0247 0.0247 0.0247 0.0247 0.0247 0.0247 0.0247 0.0247 0.0247 0.0247 0.0247 0.0247 
29 0.0273 0.0273 0.0273 0.0273 0.0273 0.0273 0.0273 0.0273 0.0273 0.0273 0.0273 0.0273 0.0273 0.0273 0.0273 0.0273 0.0273 0.0273 0.0273 0.0273 0.0273 0.0273 0.0273 0.0273 0.0273 0.0273 0.0273 0.0273 0.0273 0.0273 0.0273 0.0273 0.0273 0.0273 0.0273 0.0273 0.0273 0.0273 0.0273 0.0273 0.0273 
30 0.0237 0.0237 0.0237 0.0237 0.0237 0.0237 0.0237 0.0237 0.0237 0.0237 0.0237 0.0237 0.0237 0.0237 0.0237 0.0237 0.0237 0.0237 0.0237 0.0237 0.0237 0.0237 0.0237 0.0237 0.0237 0.0237 0.0237 0.0237 0.0237 0.0237 0.0237 0.0237 0.0237 0.0237 0.0237 0.0237 0.0237 0.0237 0.0237 0.0237 0.0237 
31 0.0197 0.0197 0.0197 0.0197 0.0197 0.0197 0.0197 0.0197 0.0197 0.0197 0.0197 0.0197 0.0197 0.0197 0.0197 0.0197 0.0197 0.0197 0.0197 0.0197 0.0197 0.0197 0.0197 0.0197 0.0197 0.0197 0.0197 0.0197 0.0197 0.0197 0.0197 0.0197 0.0197 0.0197 0.0197 0.0197 0.0197 0.0197 0.0197 0.0197 0.0197 
32 0.0232 0.0232 0.0232 0.0232 0.0232 0.0232 0.0232 0.0232 0.0232 0.0232 0.0232 0.0232 0.0232 0.0232 0.0232 0.0232 0.0232 0.0232 0.0232 0.0232 0.0232 0.0232 0.0232 0.0232 0.0232 0.0232 0.0232 0.0232 0.0232 0.0232 0.0232 0.0232 0.0232 0.0232 0.0232 0.0232 0.0232 0.0232 0.0232 0.0232 0.0232 
33 0.0257 0.0257 0.0257 0.0257 0.0257 0.0257 0.0257 0.0257 0.0257 0.0257 0.0257 0.0257 0.0257 0.0257 0.0257 0.0257 0.0257 0.0257 0.0257 0.0257 0.0257 0.0257 0.0257 0.0257 0.0257 0.0257 0.0257 0.0257 0.0257 0.0257 0.0257 0.0257 0.0257 0.0257 0.0257 0.0257 0.0257 0.0257 0.0257 0.0257 0.0257 
34 0.0247 0.0247 0.0247 0.0247 0.0247 0.0247 0.0247 0.0247 0.0247 0.0247 0.0247 0.0247 0.0247 0.0247 0.0247 0.0247 0.0247 0.0247 0.0247 0.0247 0.0247 0.0247 0.0247 0.0247 0.0247 0.0247 0.0247 0.0247 0.0247 0.0247 0.0247 0.0247 0.0247 0.0247 0.0247 0.0247 0.0247 0.0247 0.0247 0.0247 0.0247 
35 0.0273 0.0273 0.0273 0.0273 0.0273 0.0273 0.0273 0.0273 0.0273 0.0273 0.0273 0.0273 0.0273 0.0273 0.0273 0.0273 0.0273 0.0273 0.0273 0.0273 0.0273 0.0273 0.0273 0.0273 0.0273 0.0273 0.0273 0.0273 0.0273 0.0273 0.0273 0.0273 0.0273 0.0273 0.0273 0.0273 0.0273 0.0273 0.0273 0.0273 0.0273 
36 0.0237 0.0237 0.0237 0.0237 0.0237 0.0237 0.0237 0.0237 0.0237 0.0237 0.0237 0.0237 0.0237 0.0237 0.0237 0.0237 0.0237 0.0237 0.0237 0.0237 0.0237 0.0237 0.0237 0.0237 0.0237 0.0237 0.0237 0.0237 0.0237 0.0237 0.0237 0.0237 0.0237 0.0237 0.0237 0.0237 0.0237 0.0237 0.0237 0.0237 0.0237 
37 0.017 0.017 0.017 0.017 0.017 0.017 0.017 0.017 0.017 0.017 0.017 0.017 0.017 0.017 0.017 0.017 0.017 0.017 0.017 0.017 0.017 0.017 0.017 0.017 0.017 0.017 0.017 0.017 0.017 0.017 0.017 0.017 0.017 0.017 0.017 0.017 0.017 0.017 0.017 0.017 0.017 
38 0.0199 0.0199 0.0199 0.0199 0.0199 0.0199 0.0199 0.0199 0.0199 0.0199 0.0199 0.0199 0.0199 0.0199 0.0199 0.0199 0.0199 0.0199 0.0199 0.0199 0.0199 0.0199 0.0199 0.0199 0.0199 0.0199 0.0199 0.0199 0.0199 0.0199 0.0199 0.0199 0.0199 0.0199 0.0199 0.0199 0.0199 0.0199 0.0199 0.0199 0.0199 
39 0.0218 0.0218 0.0218 0.0218 0.0218 0.0218 0.0218 0.0218 0.0218 0.0218 0.0218 0.0218 0.0218 0.0218 0.0218 0.0218 0.0218 0.0218 0.0218 0.0218 0.0218 0.0218 0.0218 0.0218 0.0218 0.0218 0.0218 0.0218 0.0218 0.0218 0.0218 0.0218 0.0218 0.0218 0.0218 0.0218 0.0218 0.0218 0.0218 0.0218 0.0218 
40 0.0214 0.0214 0.0214 0.0214 0.0214 0.0214 0.0214 0.0214 0.0214 0.0214 0.0214 0.0214 0.0214 0.0214 0.0214 0.0214 0.0214 0.0214 0.0214 0.0214 0.0214 0.0214 0.0214 0.0214 0.0214 0.0214 0.0214 0.0214 0.0214 0.0214 0.0214 0.0214 0.0214 0.0214 0.0214 0.0214 0.0214 0.0214 0.0214 0.0214 0.0214 
41 0.0231 0.0231 0.0231 0.0231 0.0231 0.0231 0.0231 0.0231 0.0231 0.0231 0.0231 0.0231 0.0231 0.0231 0.0231 0.0231 0.0231 0.0231 0.0231 0.0231 0.0231 0.0231 0.0231 0.0231 0.0231 0.0231 0.0231 0.0231 0.0231 0.0231 0.0231 0.0231 0.0231 0.0231 0.0231 0.0231 0.0231 0.0231 0.0231 0.0231 0.0231 
42 0.0199 0.0199 0.0199 0.0199 0.0199 0.0199 0.0199 0.0199 0.0199 0.0199 0.0199 0.0199 0.0199 0.0199 0.0199 0.0199 0.0199 0.0199 0.0199 0.0199 0.0199 0.0199 0.0199 0.0199 0.0199 0.0199 0.0199 0.0199 0.0199 0.0199 0.0199 0.0199 0.0199 0.0199 0.0199 0.0199 0.0199 0.0199 0.0199 0.0199 0.0199 
43 0.017 0.017 0.017 0.017 0.017 0.017 0.017 0.017 0.017 0.017 0.017 0.017 0.017 0.017 0.017 0.017 0.017 0.017 0.017 0.017 0.017 0.017 0.017 0.017 0.017 0.017 0.017 0.017 0.017 0.017 0.017 0.017 0.017 0.017 0.017 0.017 0.017 0.017 0.017 0.017 0.017 
44 0.0199 0.0199 0.0199 0.0199 0.0199 0.0199 0.0199 0.0199 0.0199 0.0199 0.0199 0.0199 0.0199 0.0199 0.0199 0.0199 0.0199 0.0199 0.0199 0.0199 0.0199 0.0199 0.0199 0.0199 0.0199 0.0199 0.0199 0.0199 0.0199 0.0199 0.0199 0.0199 0.0199 0.0199 0.0199 0.0199 0.0199 0.0199 0.0199 0.0199 0.0199 
45 0.0218 0.0218 0.0218 0.0218 0.0218 0.0218 0.0218 0.0218 0.0218 0.0218 0.0218 0.0218 0.0218 0.0218 0.0218 0.0218 0.0218 0.0218 0.0218 0.0218 0.0218 0.0218 0.0218 0.0218 0.0218 0.0218 0.0218 0.0218 0.0218 0.0218 0.0218 0.0218 0.0218 0.0218 0.0218 0.0218 0.0218 0.0218 0.0218 0.0218 0.0218 
46 0.0214 0.0214 0.0214 0.0214 0.0214 0.0214 0.0214 0.0214 0.0214 0.0214 0.0214 0.0214 0.0214 0.0214 0.0214 0.0214 0.0214 0.0214 0.0214 0.0214 0.0214 0.0214 0.0214 0.0214 0.0214 0.0214 0.0214 0.0214 0.0214 0.0214 0.0214 0.0214 0.0214 0.0214 0.0214 0.0214 0.0214 0.0214 0.0214 0.0214 0.0214 
47 0.0231 0.0231 0.0231 0.0231 0.0231 0.0231 0.0231 0.0231 0.0231 0.0231 0.0231 0.0231 0.0231 0.0231 0.0231 0.0231 0.0231 0.0231 0.0231 0.0231 0.0231 0.0231 0.0231 0.0231 0.0231 0.0231 0.0231 0.0231 0.0231 0.0231 0.0231 0.0231 0.0231 0.0231 0.0231 0.0231 0.0231 0.0231 0.0231 0.0231 0.0231 
48 0.0199 0.0199 0.0199 0.0199 0.0199 0.0199 0.0199 0.0199 0.0199 0.0199 0.0199 0.0199 0.0199 0.0199 0.0199 0.0199 0.0199 0.0199 0.0199 0.0199 0.0199 0.0199 0.0199 0.0199 0.0199 0.0199 0.0199 0.0199 0.0199 0.0199 0.0199 0.0199 0.0199 0.0199 0.0199 0.0199 0.0199 0.0199 0.0199 0.0199 0.0199 
49 0.0077 0.0077 0.0077 0.0077 0.0077 0.0077 0.0077 0.0077 0.0077 0.0077 0.0077 0.0077 0.0077 0.0077 0.0077 0.0077 0.0077 0.0077 0.0077 0.0077 0.0077 0.0077 0.0077 0.0077 0.0077 0.0077 0.0077 0.0077 0.0077 0.0077 0.0077 0.0077 0.0077 0.0077 0.0077 0.0077 0.0077 0.0077 0.0077 0.0077 0.0077 
50 0.0091 0.0091 0.0091 0.0091 0.0091 0.0091 0.0091 0.0091 0.0091 0.0091 0.0091 0.0091 0.0091 0.0091 0.0091 0.0091 0.0091 0.0091 0.0091 0.0091 0.0091 0.0091 0.0091 0.0091 0.0091 0.0091 0.0091 0.0091 0.0091 0.0091 0.0091 0.0091 0.0091 0.0091 0.0091 0.0091 0.0091 0.0091 0.0091 0.0091 0.0091 
51 0.0101 0.0101 0.0101 0.0101 0.0101 0.0101 0.0101 0.0101 0.0101 0.0101 0.0101 0.0101 0.0101 0.0101 0.0101 0.0101 0.0101 0.0101 0.0101 0.0101 0.0101 0.0101 0.0101 0.0101 0.0101 0.0101 0.0101 0.0101 0.0101 0.0101 0.0101 0.0101 0.0101 0.0101 0.0101 0.0101 0.0101 0.0101 0.0101 0.0101 0.0101 
52 0.0097 0.0097 0.0097 0.0097 0.0097 0.0097 0.0097 0.0097 0.0097 0.0097 0.0097 0.0097 0.0097 0.0097 0.0097 0.0097 0.0097 0.0097 0.0097 0.0097 0.0097 0.0097 0.0097 0.0097 0.0097 0.0097 0.0097 0.0097 0.0097 0.0097 0.0097 0.0097 0.0097 0.0097 0.0097 0.0097 0.0097 0.0097 0.0097 0.0097 0.0097 
53 0.0107 0.0107 0.0107 0.0107 0.0107 0.0107 0.0107 0.0107 0.0107 0.0107 0.0107 0.0107 0.0107 0.0107 0.0107 0.0107 0.0107 0.0107 0.0107 0.0107 0.0107 0.0107 0.0107 0.0107 0.0107 0.0107 0.0107 0.0107 0.0107 0.0107 0.0107 0.0107 0.0107 0.0107 0.0107 0.0107 0.0107 0.0107 0.0107 0.0107 0.0107 
54 0.0093 0.0093 0.0093 0.0093 0.0093 0.0093 0.0093 0.0093 0.0093 0.0093 0.0093 0.0093 0.0093 0.0093 0.0093 0.0093 0.0093 0.0093 0.0093 0.0093 0.0093 0.0093 0.0093 0.0093 0.0093 0.0093 0.0093 0.0093 0.0093 0.0093 0.0093 0.0093 0.0093 0.0093 0.0093 0.0093 0.0093 0.0093 0.0093 0.0093 0.0093 
;
param AnnualEmissionLimit default 999999 := 
;
param EmissionsPenalty default 0 := 
[RE1,*,*]: 
2020 2021 2022 2023 2024 2025 2026 2027 2028 2029 2030 2031 2032 2033 2034 2035 2036 2037 2038 2039 2040 2041 2042 2043 2044 2045 2046 2047 2048 2049 2050 2051 2052 2053 2054 2055 2056 2057 2058 2059 2060 :=
RSA_CO2 0 38.545 77.08 115.625 154.17 192.705 231.25 269.795 308.33 346.875 385.42 423.955 462.5 501.045 539.58 578.125 616.67 655.205 693.75 732.295 770.83 809.375 847.92 886.455 925 963.545 1002.08 1040.625 1079.17 1117.705 1156.25 1156.25 1156.25 1156.25 1156.25 1156.25 1156.25 1156.25 1156.25 1156.25 1156.25 
;
param EmissionActivityRatio default 0 := 
[RE1,RSA_FUEL_PRO_COAL,RSA_CO2,*,*]:
2020 2021 2022 2023 2024 2025 2026 2027 2028 2029 2030 2031 2032 2033 2034 2035 2036 2037 2038 2039 2040 2041 2042 2043 2044 2045 2046 2047 2048 2049 2050 2051 2052 2053 2054 2055 2056 2057 2058 2059 2060 :=
1 0.089 0.089 0.089 0.089 0.089 0.089 0.089 0.089 0.089 0.089 0.089 0.089 0.089 0.089 0.089 0.089 0.089 0.089 0.089 0.089 0.089 0.089 0.089 0.089 0.089 0.089 0.089 0.089 0.089 0.089 0.089 0.089 0.089 0.089 0.089 0.089 0.089 0.089 0.089 0.089 0.089 
2 0.089 0.089 0.089 0.089 0.089 0.089 0.089 0.089 0.089 0.089 0.089 0.089 0.089 0.089 0.089 0.089 0.089 0.089 0.089 0.089 0.089 0.089 0.089 0.089 0.089 0.089 0.089 0.089 0.089 0.089 0.089 0.089 0.089 0.089 0.089 0.089 0.089 0.089 0.089 0.089 0.089 
[RE1,RSA_FUEL_PRO_NG,RSA_CO2,*,*]:
2020 2021 2022 2023 2024 2025 2026 2027 2028 2029 2030 2031 2032 2033 2034 2035 2036 2037 2038 2039 2040 2041 2042 2043 2044 2045 2046 2047 2048 2049 2050 2051 2052 2053 2054 2055 2056 2057 2058 2059 2060 :=
1 0.05 0.05 0.05 0.05 0.05 0.05 0.05 0.05 0.05 0.05 0.05 0.05 0.05 0.05 0.05 0.05 0.05 0.05 0.05 0.05 0.05 0.05 0.05 0.05 0.05 0.05 0.05 0.05 0.05 0.05 0.05 0.05 0.05 0.05 0.05 0.05 0.05 0.05 0.05 0.05 0.05 
2 0.05 0.05 0.05 0.05 0.05 0.05 0.05 0.05 0.05 0.05 0.05 0.05 0.05 0.05 0.05 0.05 0.05 0.05 0.05 0.05 0.05 0.05 0.05 0.05 0.05 0.05 0.05 0.05 0.05 0.05 0.05 0.05 0.05 0.05 0.05 0.05 0.05 0.05 0.05 0.05 0.05 
[RE1,RSA_FUEL_PRO_DSL,RSA_CO2,*,*]:
2020 2021 2022 2023 2024 2025 2026 2027 2028 2029 2030 2031 2032 2033 2034 2035 2036 2037 2038 2039 2040 2041 2042 2043 2044 2045 2046 2047 2048 2049 2050 2051 2052 2053 2054 2055 2056 2057 2058 2059 2060 :=
1 0.076 0.076 0.076 0.076 0.076 0.076 0.076 0.076 0.076 0.076 0.076 0.076 0.076 0.076 0.076 0.076 0.076 0.076 0.076 0.076 0.076 0.076 0.076 0.076 0.076 0.076 0.076 0.076 0.076 0.076 0.076 0.076 0.076 0.076 0.076 0.076 0.076 0.076 0.076 0.076 0.076 
2 0.076 0.076 0.076 0.076 0.076 0.076 0.076 0.076 0.076 0.076 0.076 0.076 0.076 0.076 0.076 0.076 0.076 0.076 0.076 0.076 0.076 0.076 0.076 0.076 0.076 0.076 0.076 0.076 0.076 0.076 0.076 0.076 0.076 0.076 0.076 0.076 0.076 0.076 0.076 0.076 0.076 
;
param EmissionToActivityChangeRatio default 0 := 
;
#
param CapitalRecoveryFactor default 0 : 
RSA_POW_TD RSA_FUEL_PRO_COAL RSA_POW_PP_COAL RSA_POW_INT RSA_POW_PP_NU_OLD RSA_FUEL_PRO_URNM RSA_POW_PP_MMG RSA_POW_PP_PEAK RSA_POW_PP_BIOM RSA_POW_PP_HYDR RSA_POW_PP_CSP RSA_POW_PP_PV_UT RSA_POW_PP_PV_DIST RSA_FUEL_PRO_NG RSA_FUEL_PRO_BIOM RSA_POW_ELEC RSA_FUEL_PRO_DSL RSA_POW_PP_BST RSA_POW_STO_BAT_IN RSA_POW_STO_BAT_OUT RSA_POW_STO_PHY_IN RSA_POW_STO_PHY_OUT RSA_POW_PP_NU RSA_POW_PP_NU_SMR RSA_POW_PP_WIND :=
RE1 0.0881 1.0 0.0836 1.0 0.0765 1.0 0.0836 0.0836 0.0836 0.0773 0.0836 0.0881 0.0881 1.0 1.0 1.0 1.0 1.0 1.0 0.139 1.0 0.0773 0.0748 0.0748 0.0943 
;
param PvAnnuity default 0 : 
RSA_POW_TD RSA_FUEL_PRO_COAL RSA_POW_PP_COAL RSA_POW_INT RSA_POW_PP_NU_OLD RSA_FUEL_PRO_URNM RSA_POW_PP_MMG RSA_POW_PP_PEAK RSA_POW_PP_BIOM RSA_POW_PP_HYDR RSA_POW_PP_CSP RSA_POW_PP_PV_UT RSA_POW_PP_PV_DIST RSA_FUEL_PRO_NG RSA_FUEL_PRO_BIOM RSA_POW_ELEC RSA_FUEL_PRO_DSL RSA_POW_PP_BST RSA_POW_STO_BAT_IN RSA_POW_STO_BAT_OUT RSA_POW_STO_PHY_IN RSA_POW_STO_PHY_OUT RSA_POW_PP_NU RSA_POW_PP_NU_SMR RSA_POW_PP_WIND :=
RE1 11.3555 1.0 11.9546 1.0 13.0785 1.0 11.9546 11.9546 11.9546 12.9386 11.9546 11.3555 11.3555 1.0 1.0 1.0 1.0 1.0 1.0 7.1953 1.0 12.9386 13.0785 13.0785 10.467 
;
set MODExTECHNOLOGYperFUELout[SPNRSV]:= (2, RSA_POW_PP_PEAK) (2, RSA_POW_PP_NU) (2, RSA_POW_PP_NU_OLD) (2, RSA_POW_PP_COAL) (2, RSA_POW_PP_NU_SMR) (2, RSA_POW_PP_BIOM) (2, RSA_POW_PP_MMG);
set MODExTECHNOLOGYperFUELout[RSA_POW_ELE]:= (1, RSA_POW_PP_NU_OLD) (2, RSA_POW_PP_NU_OLD) (1, RSA_POW_STO_BAT_OUT) (1, RSA_POW_PP_COAL) (1, RSA_POW_PP_WIND) (2, RSA_POW_PP_WIND) (2, RSA_POW_PP_COAL) (1, RSA_POW_PP_NU_SMR) (2, RSA_POW_PP_NU_SMR) (1, RSA_POW_PP_PV_UT) (1, RSA_POW_PP_HYDR) (1, RSA_POW_PP_CSP) (2, RSA_POW_PP_PV_UT) (1, RSA_POW_PP_BIOM) (1, RSA_POW_STO_PHY_OUT) (2, RSA_POW_PP_HYDR) (2, RSA_POW_PP_BIOM) (2, RSA_POW_PP_CSP) (1, RSA_POW_PP_MMG) (2, RSA_POW_PP_MMG) (1, RSA_POW_PP_PEAK) (1, RSA_POW_PP_NU) (2, RSA_POW_PP_PEAK) (2, RSA_POW_PP_NU);
set MODExTECHNOLOGYperFUELout[RSA_POW_ELEF]:= (1, RSA_POW_PP_PV_DIST) (2, RSA_POW_PP_PV_DIST) (1, RSA_POW_TD) (2, RSA_POW_TD) (1, RSA_POW_PP_BST) (2, RSA_POW_PP_BST);
set MODExTECHNOLOGYperFUELout[RSA_POW_ELEX]:= (1, RSA_POW_INT) (2, RSA_POW_INT);
set MODExTECHNOLOGYperFUELout[RSA_POW_H2]:= (1, RSA_POW_ELEC) (2, RSA_POW_ELEC);
set MODExTECHNOLOGYperFUELout[RSA_FUEL_URNM]:= (1, RSA_FUEL_PRO_URNM) (2, RSA_FUEL_PRO_URNM);
set MODExTECHNOLOGYperFUELout[RSA_FUEL_COAL]:= (1, RSA_FUEL_PRO_COAL) (2, RSA_FUEL_PRO_COAL);
set MODExTECHNOLOGYperFUELout[RSA_FUEL_NG]:= (1, RSA_FUEL_PRO_NG) (2, RSA_FUEL_PRO_NG);
set MODExTECHNOLOGYperFUELout[RSA_FUEL_DSL]:= (1, RSA_FUEL_PRO_DSL) (2, RSA_FUEL_PRO_DSL);
set MODExTECHNOLOGYperFUELout[RSA_FUEL_BIOM]:= (1, RSA_FUEL_PRO_BIOM) (2, RSA_FUEL_PRO_BIOM);
set MODExTECHNOLOGYperFUELout[RSA_POW_NUEL]:= (1, RSA_POW_PP_NU_SMR) (2, RSA_POW_PP_NU_SMR) (1, RSA_POW_PP_NU) (2, RSA_POW_PP_NU);
set MODExTECHNOLOGYperFUELin[SPNRSV]:=;
set MODExTECHNOLOGYperFUELin[RSA_POW_ELE]:= (1, RSA_POW_STO_BAT_IN) (1, RSA_POW_TD) (2, RSA_POW_TD) (1, RSA_POW_STO_PHY_IN);
set MODExTECHNOLOGYperFUELin[RSA_POW_ELEF]:= (1, RSA_POW_INT) (2, RSA_POW_INT);
set MODExTECHNOLOGYperFUELin[RSA_POW_ELEX]:=;
set MODExTECHNOLOGYperFUELin[RSA_POW_H2]:=;
set MODExTECHNOLOGYperFUELin[RSA_FUEL_URNM]:= (1, RSA_POW_PP_NU_SMR) (2, RSA_POW_PP_NU_SMR) (1, RSA_POW_PP_NU) (2, RSA_POW_PP_NU) (1, RSA_POW_PP_NU_OLD) (2, RSA_POW_PP_NU_OLD);
set MODExTECHNOLOGYperFUELin[RSA_FUEL_COAL]:= (1, RSA_POW_PP_COAL) (2, RSA_POW_PP_COAL);
set MODExTECHNOLOGYperFUELin[RSA_FUEL_NG]:= (2, RSA_POW_PP_PEAK) (2, RSA_POW_PP_MMG) (1, RSA_POW_PP_PEAK) (1, RSA_POW_PP_MMG);
set MODExTECHNOLOGYperFUELin[RSA_FUEL_DSL]:=;
set MODExTECHNOLOGYperFUELin[RSA_FUEL_BIOM]:= (1, RSA_POW_PP_BIOM) (2, RSA_POW_PP_BIOM);
set MODExTECHNOLOGYperFUELin[RSA_POW_NUEL]:=;
set MODExTECHNOLOGYperEMISSION[RSA_CO2]:= (1, RSA_FUEL_PRO_DSL) (1, RSA_FUEL_PRO_NG) (1, RSA_FUEL_PRO_COAL) (2, RSA_FUEL_PRO_DSL) (2, RSA_FUEL_PRO_NG) (2, RSA_FUEL_PRO_COAL);
set MODExTECHNOLOGYperEMISSIONChange[RSA_CO2]:=;
set MODExTECHNOLOGYperSTORAGEto[RSA_POW_STO_BAT]:= (1, RSA_POW_STO_BAT_IN);
set MODExTECHNOLOGYperSTORAGEto[RSA_POW_STO_PHY]:= (1, RSA_POW_STO_PHY_IN);
set MODExTECHNOLOGYperSTORAGEto[RSA_POW_STO_H2]:=;
set MODExTECHNOLOGYperSTORAGEfrom[RSA_POW_STO_BAT]:= (1, RSA_POW_STO_BAT_OUT);
set MODExTECHNOLOGYperSTORAGEfrom[RSA_POW_STO_PHY]:= (1, RSA_POW_STO_PHY_OUT);
set MODExTECHNOLOGYperSTORAGEfrom[RSA_POW_STO_H2]:=;
set MODEperTECHNOLOGY[RSA_POW_TD]:= 2 1;
set MODEperTECHNOLOGY[RSA_FUEL_PRO_COAL]:= 1 2;
set MODEperTECHNOLOGY[RSA_POW_PP_COAL]:= 1 2;
set MODEperTECHNOLOGY[RSA_POW_INT]:= 1 2;
set MODEperTECHNOLOGY[RSA_POW_PP_NU_OLD]:= 1 2;
set MODEperTECHNOLOGY[RSA_FUEL_PRO_URNM]:= 1 2;
set MODEperTECHNOLOGY[RSA_POW_PP_MMG]:= 2 1;
set MODEperTECHNOLOGY[RSA_POW_PP_PEAK]:= 1 2;
set MODEperTECHNOLOGY[RSA_POW_PP_BIOM]:= 1 2;
set MODEperTECHNOLOGY[RSA_POW_PP_HYDR]:= 2 1;
set MODEperTECHNOLOGY[RSA_POW_PP_CSP]:= 1 2;
set MODEperTECHNOLOGY[RSA_POW_PP_PV_UT]:= 1 2;
set MODEperTECHNOLOGY[RSA_POW_PP_PV_DIST]:= 1 2;
set MODEperTECHNOLOGY[RSA_FUEL_PRO_NG]:= 1 2;
set MODEperTECHNOLOGY[RSA_FUEL_PRO_BIOM]:= 2 1;
set MODEperTECHNOLOGY[RSA_POW_ELEC]:= 1 2;
set MODEperTECHNOLOGY[RSA_FUEL_PRO_DSL]:= 1 2;
set MODEperTECHNOLOGY[RSA_POW_PP_BST]:= 1 2;
set MODEperTECHNOLOGY[RSA_POW_STO_BAT_IN]:= 1 2;
set MODEperTECHNOLOGY[RSA_POW_STO_BAT_OUT]:= 1 2;
set MODEperTECHNOLOGY[RSA_POW_STO_PHY_IN]:= 1 2;
set MODEperTECHNOLOGY[RSA_POW_STO_PHY_OUT]:= 1 2;
set MODEperTECHNOLOGY[RSA_POW_PP_NU]:= 1 2;
set MODEperTECHNOLOGY[RSA_POW_PP_NU_SMR]:= 1 2;
set MODEperTECHNOLOGY[RSA_POW_PP_WIND]:= 1 2;
end;